event_id,frame_id,timestamp,ground_truth_label,wind_kts,prior_wind_kts,label_source,center_lat,center_lon
amphan_2020,amphan_2020_20200516T000000Z.npz,2020-05-16T00:00:00Z,disorganized,25.0,,ibtracs_intensity_rules,10.4,87.0
amphan_2020,amphan_2020_20200516T030000Z.npz,2020-05-16T03:00:00Z,disorganized,25.0,,ibtracs_intensity_rules,10.7,86.5
amphan_2020,amphan_2020_20200516T060000Z.npz,2020-05-16T06:00:00Z,disorganized,25.0,25.0,ibtracs_intensity_rules,10.9,86.3
amphan_2020,amphan_2020_20200516T090000Z.npz,2020-05-16T09:00:00Z,disorganized,30.0,25.0,ibtracs_intensity_rules,10.9,86.3
amphan_2020,amphan_2020_20200516T120000Z.npz,2020-05-16T12:00:00Z,curved_band,35.0,25.0,ibtracs_intensity_rules,10.9,86.3
amphan_2020,amphan_2020_20200516T150000Z.npz,2020-05-16T15:00:00Z,curved_band,40.0,30.0,ibtracs_intensity_rules,11.0,86.2
amphan_2020,amphan_2020_20200516T180000Z.npz,2020-05-16T18:00:00Z,curved_band,40.0,35.0,ibtracs_intensity_rules,11.1,86.1
amphan_2020,amphan_2020_20200516T210000Z.npz,2020-05-16T21:00:00Z,curved_band,45.0,40.0,ibtracs_intensity_rules,11.3,86.1
amphan_2020,amphan_2020_20200517T000000Z.npz,2020-05-17T00:00:00Z,curved_band,45.0,40.0,ibtracs_intensity_rules,11.4,86.0
amphan_2020,amphan_2020_20200517T030000Z.npz,2020-05-17T03:00:00Z,curved_band,50.0,45.0,ibtracs_intensity_rules,11.4,86.0
amphan_2020,amphan_2020_20200517T060000Z.npz,2020-05-17T06:00:00Z,curved_band,55.0,45.0,ibtracs_intensity_rules,11.5,86.0
amphan_2020,amphan_2020_20200517T090000Z.npz,2020-05-17T09:00:00Z,banding,65.0,50.0,ibtracs_intensity_rules,11.7,86.0
amphan_2020,amphan_2020_20200517T120000Z.npz,2020-05-17T12:00:00Z,banding,70.0,55.0,ibtracs_intensity_rules,12.0,86.0
amphan_2020,amphan_2020_20200517T150000Z.npz,2020-05-17T15:00:00Z,banding,75.0,65.0,ibtracs_intensity_rules,12.8,86.2
amphan_2020,amphan_2020_20200517T180000Z.npz,2020-05-17T18:00:00Z,banding,80.0,70.0,ibtracs_intensity_rules,12.5,86.1
amphan_2020,amphan_2020_20200517T210000Z.npz,2020-05-17T21:00:00Z,banding,90.0,75.0,ibtracs_intensity_rules,12.9,86.4
amphan_2020,amphan_2020_20200518T000000Z.npz,2020-05-18T00:00:00Z,banding,100.0,80.0,ibtracs_intensity_rules,13.2,86.3
amphan_2020,amphan_2020_20200518T030000Z.npz,2020-05-18T03:00:00Z,banding,115.0,90.0,ibtracs_intensity_rules,13.3,86.2
amphan_2020,amphan_2020_20200518T060000Z.npz,2020-05-18T06:00:00Z,eye,120.0,100.0,ibtracs_intensity_rules,13.4,86.2
amphan_2020,amphan_2020_20200518T090000Z.npz,2020-05-18T09:00:00Z,eye,120.0,115.0,ibtracs_intensity_rules,13.7,86.2
amphan_2020,amphan_2020_20200518T120000Z.npz,2020-05-18T12:00:00Z,eye,125.0,120.0,ibtracs_intensity_rules,14.0,86.3
amphan_2020,amphan_2020_20200518T150000Z.npz,2020-05-18T15:00:00Z,eye,125.0,120.0,ibtracs_intensity_rules,14.5,86.4
amphan_2020,amphan_2020_20200518T180000Z.npz,2020-05-18T18:00:00Z,eye,130.0,125.0,ibtracs_intensity_rules,14.9,86.5
amphan_2020,amphan_2020_20200518T210000Z.npz,2020-05-18T21:00:00Z,eye,130.0,125.0,ibtracs_intensity_rules,15.2,86.6
amphan_2020,amphan_2020_20200519T000000Z.npz,2020-05-19T00:00:00Z,eye,125.0,130.0,ibtracs_intensity_rules,15.6,86.7
amphan_2020,amphan_2020_20200519T030000Z.npz,2020-05-19T03:00:00Z,eye,120.0,130.0,ibtracs_intensity_rules,16.0,86.8
amphan_2020,amphan_2020_20200519T060000Z.npz,2020-05-19T06:00:00Z,banding,115.0,125.0,ibtracs_intensity_rules,16.5,86.9
amphan_2020,amphan_2020_20200519T090000Z.npz,2020-05-19T09:00:00Z,banding,110.0,120.0,ibtracs_intensity_rules,17.0,86.9
amphan_2020,amphan_2020_20200519T120000Z.npz,2020-05-19T12:00:00Z,banding,105.0,115.0,ibtracs_intensity_rules,17.4,87.0
amphan_2020,amphan_2020_20200519T150000Z.npz,2020-05-19T15:00:00Z,banding,100.0,110.0,ibtracs_intensity_rules,18.1,87.1
amphan_2020,amphan_2020_20200519T180000Z.npz,2020-05-19T18:00:00Z,banding,100.0,105.0,ibtracs_intensity_rules,18.4,87.2
amphan_2020,amphan_2020_20200519T210000Z.npz,2020-05-19T21:00:00Z,banding,100.0,100.0,ibtracs_intensity_rules,18.7,87.2
amphan_2020,amphan_2020_20200520T000000Z.npz,2020-05-20T00:00:00Z,banding,95.0,100.0,ibtracs_intensity_rules,19.1,87.5
amphan_2020,amphan_2020_20200520T030000Z.npz,2020-05-20T03:00:00Z,banding,95.0,100.0,ibtracs_intensity_rules,19.8,87.7
amphan_2020,amphan_2020_20200520T060000Z.npz,2020-05-20T06:00:00Z,banding,90.0,95.0,ibtracs_intensity_rules,20.6,88.0
amphan_2020,amphan_2020_20200520T090000Z.npz,2020-05-20T09:00:00Z,banding,90.0,95.0,ibtracs_intensity_rules,21.4,88.1
amphan_2020,amphan_2020_20200520T120000Z.npz,2020-05-20T12:00:00Z,banding,85.0,90.0,ibtracs_intensity_rules,21.9,88.4
amphan_2020,amphan_2020_20200520T150000Z.npz,2020-05-20T15:00:00Z,shear_affected,65.0,90.0,ibtracs_intensity_rules,22.7,88.6
amphan_2020,amphan_2020_20200520T180000Z.npz,2020-05-20T18:00:00Z,shear_affected,50.0,85.0,ibtracs_intensity_rules,23.3,89.0
amphan_2020,amphan_2020_20200520T210000Z.npz,2020-05-20T21:00:00Z,shear_affected,45.0,65.0,ibtracs_intensity_rules,24.2,89.0
amphan_2020,amphan_2020_20200521T000000Z.npz,2020-05-21T00:00:00Z,curved_band,40.0,50.0,ibtracs_intensity_rules,24.2,89.3
biparjoy_2023,biparjoy_2023_20230606T000000Z.npz,2023-06-06T00:00:00Z,disorganized,,,ibtracs_intensity_rules,,
biparjoy_2023,biparjoy_2023_20230606T030000Z.npz,2023-06-06T03:00:00Z,disorganized,,,ibtracs_intensity_rules,,
biparjoy_2023,biparjoy_2023_20230606T060000Z.npz,2023-06-06T06:00:00Z,disorganized,,,ibtracs_intensity_rules,11.9,66.0
biparjoy_2023,biparjoy_2023_20230606T090000Z.npz,2023-06-06T09:00:00Z,disorganized,,,ibtracs_intensity_rules,12.13,65.9775
biparjoy_2023,biparjoy_2023_20230606T120000Z.npz,2023-06-06T12:00:00Z,disorganized,,,ibtracs_intensity_rules,12.3,66.0
biparjoy_2023,biparjoy_2023_20230606T150000Z.npz,2023-06-06T15:00:00Z,disorganized,,,ibtracs_intensity_rules,12.3725,66.0925
biparjoy_2023,biparjoy_2023_20230606T180000Z.npz,2023-06-06T18:00:00Z,disorganized,,,ibtracs_intensity_rules,12.4,66.2
biparjoy_2023,biparjoy_2023_20230606T210000Z.npz,2023-06-06T21:00:00Z,disorganized,,,ibtracs_intensity_rules,12.4275,66.2575
biparjoy_2023,biparjoy_2023_20230607T000000Z.npz,2023-06-07T00:00:00Z,disorganized,,,ibtracs_intensity_rules,12.5,66.3
biparjoy_2023,biparjoy_2023_20230607T030000Z.npz,2023-06-07T03:00:00Z,disorganized,,,ibtracs_intensity_rules,12.655,66.3575
biparjoy_2023,biparjoy_2023_20230607T060000Z.npz,2023-06-07T06:00:00Z,disorganized,,,ibtracs_intensity_rules,12.9,66.4
biparjoy_2023,biparjoy_2023_20230607T090000Z.npz,2023-06-07T09:00:00Z,disorganized,,,ibtracs_intensity_rules,13.265,66.4449
biparjoy_2023,biparjoy_2023_20230607T120000Z.npz,2023-06-07T12:00:00Z,disorganized,,,ibtracs_intensity_rules,13.6,66.4
biparjoy_2023,biparjoy_2023_20230607T150000Z.npz,2023-06-07T15:00:00Z,disorganized,,,ibtracs_intensity_rules,13.7601,66.1276
biparjoy_2023,biparjoy_2023_20230607T180000Z.npz,2023-06-07T18:00:00Z,disorganized,,,ibtracs_intensity_rules,13.8,65.9
biparjoy_2023,biparjoy_2023_20230607T210000Z.npz,2023-06-07T21:00:00Z,disorganized,,,ibtracs_intensity_rules,13.7275,66.02
biparjoy_2023,biparjoy_2023_20230608T000000Z.npz,2023-06-08T00:00:00Z,disorganized,,,ibtracs_intensity_rules,13.7,66.2
biparjoy_2023,biparjoy_2023_20230608T030000Z.npz,2023-06-08T03:00:00Z,disorganized,,,ibtracs_intensity_rules,13.9275,66.18
biparjoy_2023,biparjoy_2023_20230608T060000Z.npz,2023-06-08T06:00:00Z,disorganized,,,ibtracs_intensity_rules,14.2,66.1
biparjoy_2023,biparjoy_2023_20230608T090000Z.npz,2023-06-08T09:00:00Z,disorganized,,,ibtracs_intensity_rules,14.3375,66.0275
biparjoy_2023,biparjoy_2023_20230608T120000Z.npz,2023-06-08T12:00:00Z,disorganized,,,ibtracs_intensity_rules,14.4,66.0
biparjoy_2023,biparjoy_2023_20230608T150000Z.npz,2023-06-08T15:00:00Z,disorganized,,,ibtracs_intensity_rules,14.4,66.0625
biparjoy_2023,biparjoy_2023_20230608T180000Z.npz,2023-06-08T18:00:00Z,disorganized,,,ibtracs_intensity_rules,14.4,66.2
biparjoy_2023,biparjoy_2023_20230608T210000Z.npz,2023-06-08T21:00:00Z,disorganized,,,ibtracs_intensity_rules,14.47,66.37
biparjoy_2023,biparjoy_2023_20230609T000000Z.npz,2023-06-09T00:00:00Z,disorganized,,,ibtracs_intensity_rules,14.6,66.6
biparjoy_2023,biparjoy_2023_20230609T030000Z.npz,2023-06-09T03:00:00Z,disorganized,,,ibtracs_intensity_rules,14.7776,66.9224
biparjoy_2023,biparjoy_2023_20230609T060000Z.npz,2023-06-09T06:00:00Z,disorganized,,,ibtracs_intensity_rules,15.0,67.2
biparjoy_2023,biparjoy_2023_20230609T090000Z.npz,2023-06-09T09:00:00Z,disorganized,,,ibtracs_intensity_rules,15.2274,67.2876
biparjoy_2023,biparjoy_2023_20230609T120000Z.npz,2023-06-09T12:00:00Z,disorganized,,,ibtracs_intensity_rules,15.5,67.3
biparjoy_2023,biparjoy_2023_20230609T150000Z.npz,2023-06-09T15:00:00Z,disorganized,,,ibtracs_intensity_rules,15.85,67.3575
biparjoy_2023,biparjoy_2023_20230609T180000Z.npz,2023-06-09T18:00:00Z,disorganized,,,ibtracs_intensity_rules,16.2,67.4
biparjoy_2023,biparjoy_2023_20230609T210000Z.npz,2023-06-09T21:00:00Z,disorganized,,,ibtracs_intensity_rules,16.465,67.4075
biparjoy_2023,biparjoy_2023_20230610T000000Z.npz,2023-06-10T00:00:00Z,disorganized,,,ibtracs_intensity_rules,16.7,67.4
biparjoy_2023,biparjoy_2023_20230610T030000Z.npz,2023-06-10T03:00:00Z,disorganized,,,ibtracs_intensity_rules,16.98,67.4
biparjoy_2023,biparjoy_2023_20230610T060000Z.npz,2023-06-10T06:00:00Z,disorganized,,,ibtracs_intensity_rules,17.2,67.4
biparjoy_2023,biparjoy_2023_20230610T090000Z.npz,2023-06-10T09:00:00Z,disorganized,,,ibtracs_intensity_rules,17.28,67.3925
biparjoy_2023,biparjoy_2023_20230610T120000Z.npz,2023-06-10T12:00:00Z,disorganized,,,ibtracs_intensity_rules,17.3,67.4
biparjoy_2023,biparjoy_2023_20230610T150000Z.npz,2023-06-10T15:00:00Z,disorganized,,,ibtracs_intensity_rules,17.32,67.45
biparjoy_2023,biparjoy_2023_20230610T180000Z.npz,2023-06-10T18:00:00Z,disorganized,,,ibtracs_intensity_rules,17.4,67.5
biparjoy_2023,biparjoy_2023_20230610T210000Z.npz,2023-06-10T21:00:00Z,disorganized,,,ibtracs_intensity_rules,17.62,67.4926
biparjoy_2023,biparjoy_2023_20230611T000000Z.npz,2023-06-11T00:00:00Z,disorganized,,,ibtracs_intensity_rules,17.9,67.5
biparjoy_2023,biparjoy_2023_20230611T030000Z.npz,2023-06-11T03:00:00Z,disorganized,,,ibtracs_intensity_rules,18.165,67.5924
biparjoy_2023,biparjoy_2023_20230611T060000Z.npz,2023-06-11T06:00:00Z,disorganized,,,ibtracs_intensity_rules,18.4,67.7
biparjoy_2023,biparjoy_2023_20230611T090000Z.npz,2023-06-11T09:00:00Z,disorganized,,,ibtracs_intensity_rules,18.5575,67.765
biparjoy_2023,biparjoy_2023_20230611T120000Z.npz,2023-06-11T12:00:00Z,disorganized,,,ibtracs_intensity_rules,18.7,67.8
biparjoy_2023,biparjoy_2023_20230611T150000Z.npz,2023-06-11T15:00:00Z,disorganized,,,ibtracs_intensity_rules,18.9,67.815
biparjoy_2023,biparjoy_2023_20230611T180000Z.npz,2023-06-11T18:00:00Z,disorganized,,,ibtracs_intensity_rules,19.1,67.8
biparjoy_2023,biparjoy_2023_20230611T210000Z.npz,2023-06-11T21:00:00Z,disorganized,,,ibtracs_intensity_rules,19.2575,67.7725
biparjoy_2023,biparjoy_2023_20230612T000000Z.npz,2023-06-12T00:00:00Z,disorganized,,,ibtracs_intensity_rules,19.4,67.7
biparjoy_2023,biparjoy_2023_20230612T030000Z.npz,2023-06-12T03:00:00Z,disorganized,,,ibtracs_intensity_rules,19.5575,67.5501
biparjoy_2023,biparjoy_2023_20230612T060000Z.npz,2023-06-12T06:00:00Z,disorganized,,,ibtracs_intensity_rules,19.7,67.4
biparjoy_2023,biparjoy_2023_20230612T090000Z.npz,2023-06-12T09:00:00Z,disorganized,,,ibtracs_intensity_rules,19.8075,67.3275
biparjoy_2023,biparjoy_2023_20230612T120000Z.npz,2023-06-12T12:00:00Z,disorganized,,,ibtracs_intensity_rules,19.9,67.3
biparjoy_2023,biparjoy_2023_20230612T150000Z.npz,2023-06-12T15:00:00Z,disorganized,,,ibtracs_intensity_rules,19.97,67.3074
biparjoy_2023,biparjoy_2023_20230612T180000Z.npz,2023-06-12T18:00:00Z,disorganized,,,ibtracs_intensity_rules,20.1,67.3
biparjoy_2023,biparjoy_2023_20230612T210000Z.npz,2023-06-12T21:00:00Z,disorganized,,,ibtracs_intensity_rules,20.385,67.23
biparjoy_2023,biparjoy_2023_20230613T000000Z.npz,2023-06-13T00:00:00Z,disorganized,,,ibtracs_intensity_rules,20.7,67.1
biparjoy_2023,biparjoy_2023_20230613T030000Z.npz,2023-06-13T03:00:00Z,disorganized,,,ibtracs_intensity_rules,20.93,66.9075
biparjoy_2023,biparjoy_2023_20230613T060000Z.npz,2023-06-13T06:00:00Z,disorganized,,,ibtracs_intensity_rules,21.1,66.7
biparjoy_2023,biparjoy_2023_20230613T090000Z.npz,2023-06-13T09:00:00Z,disorganized,,,ibtracs_intensity_rules,21.2075,66.4975
biparjoy_2023,biparjoy_2023_20230613T120000Z.npz,2023-06-13T12:00:00Z,disorganized,,,ibtracs_intensity_rules,21.3,66.4
biparjoy_2023,biparjoy_2023_20230613T150000Z.npz,2023-06-13T15:00:00Z,disorganized,,,ibtracs_intensity_rules,21.465,66.5648
biparjoy_2023,biparjoy_2023_20230613T180000Z.npz,2023-06-13T18:00:00Z,disorganized,,,ibtracs_intensity_rules,21.6,66.7
biparjoy_2023,biparjoy_2023_20230613T210000Z.npz,2023-06-13T21:00:00Z,disorganized,,,ibtracs_intensity_rules,21.6302,66.465
biparjoy_2023,biparjoy_2023_20230614T000000Z.npz,2023-06-14T00:00:00Z,disorganized,,,ibtracs_intensity_rules,21.6,66.2
biparjoy_2023,biparjoy_2023_20230614T030000Z.npz,2023-06-14T03:00:00Z,disorganized,,,ibtracs_intensity_rules,21.5124,66.1827
biparjoy_2023,biparjoy_2023_20230614T060000Z.npz,2023-06-14T06:00:00Z,disorganized,,,ibtracs_intensity_rules,21.5,66.3
biparjoy_2023,biparjoy_2023_20230614T090000Z.npz,2023-06-14T09:00:00Z,disorganized,,,ibtracs_intensity_rules,21.7276,66.5072
biparjoy_2023,biparjoy_2023_20230614T120000Z.npz,2023-06-14T12:00:00Z,disorganized,,,ibtracs_intensity_rules,22.0,66.7
biparjoy_2023,biparjoy_2023_20230614T150000Z.npz,2023-06-14T15:00:00Z,disorganized,,,ibtracs_intensity_rules,22.1075,66.7226
biparjoy_2023,biparjoy_2023_20230614T180000Z.npz,2023-06-14T18:00:00Z,disorganized,,,ibtracs_intensity_rules,22.2,66.7
biparjoy_2023,biparjoy_2023_20230614T210000Z.npz,2023-06-14T21:00:00Z,disorganized,,,ibtracs_intensity_rules,22.4075,66.72
biparjoy_2023,biparjoy_2023_20230615T000000Z.npz,2023-06-15T00:00:00Z,disorganized,,,ibtracs_intensity_rules,22.6,66.8
biparjoy_2023,biparjoy_2023_20230615T030000Z.npz,2023-06-15T03:00:00Z,disorganized,,,ibtracs_intensity_rules,22.6649,66.9476
biparjoy_2023,biparjoy_2023_20230615T060000Z.npz,2023-06-15T06:00:00Z,disorganized,,,ibtracs_intensity_rules,22.7,67.2
biparjoy_2023,biparjoy_2023_20230615T090000Z.npz,2023-06-15T09:00:00Z,disorganized,,,ibtracs_intensity_rules,22.7701,67.5776
biparjoy_2023,biparjoy_2023_20230615T120000Z.npz,2023-06-15T12:00:00Z,disorganized,,,ibtracs_intensity_rules,22.9,68.0
biparjoy_2023,biparjoy_2023_20230615T150000Z.npz,2023-06-15T15:00:00Z,disorganized,,,ibtracs_intensity_rules,23.15,68.3797
biparjoy_2023,biparjoy_2023_20230615T180000Z.npz,2023-06-15T18:00:00Z,disorganized,,,ibtracs_intensity_rules,23.4,68.7
biparjoy_2023,biparjoy_2023_20230615T210000Z.npz,2023-06-15T21:00:00Z,disorganized,,,ibtracs_intensity_rules,23.5224,68.9227
biparjoy_2023,biparjoy_2023_20230616T000000Z.npz,2023-06-16T00:00:00Z,disorganized,,,ibtracs_intensity_rules,23.6,69.1
fani_2019,fani_2019_20190425T000000Z.npz,2019-04-25T00:00:00Z,disorganized,,,ibtracs_intensity_rules,,
fani_2019,fani_2019_20190425T030000Z.npz,2019-04-25T03:00:00Z,disorganized,,,ibtracs_intensity_rules,,
fani_2019,fani_2019_20190425T060000Z.npz,2019-04-25T06:00:00Z,disorganized,,,ibtracs_intensity_rules,,
fani_2019,fani_2019_20190425T090000Z.npz,2019-04-25T09:00:00Z,disorganized,,,ibtracs_intensity_rules,,
fani_2019,fani_2019_20190425T120000Z.npz,2019-04-25T12:00:00Z,disorganized,,,ibtracs_intensity_rules,,
fani_2019,fani_2019_20190425T150000Z.npz,2019-04-25T15:00:00Z,disorganized,,,ibtracs_intensity_rules,,
fani_2019,fani_2019_20190425T180000Z.npz,2019-04-25T18:00:00Z,disorganized,,,ibtracs_intensity_rules,1.9,90.2
fani_2019,fani_2019_20190425T210000Z.npz,2019-04-25T21:00:00Z,disorganized,,,ibtracs_intensity_rules,2.05999,90.1225
fani_2019,fani_2019_20190426T000000Z.npz,2019-04-26T00:00:00Z,disorganized,,,ibtracs_intensity_rules,2.2,90.0
fani_2019,fani_2019_20190426T030000Z.npz,2019-04-26T03:00:00Z,disorganized,,,ibtracs_intensity_rules,2.32001,89.82
fani_2019,fani_2019_20190426T060000Z.npz,2019-04-26T06:00:00Z,disorganized,,,ibtracs_intensity_rules,2.5,89.7
fani_2019,fani_2019_20190426T090000Z.npz,2019-04-26T09:00:00Z,disorganized,,,ibtracs_intensity_rules,2.82,89.7625
fani_2019,fani_2019_20190426T120000Z.npz,2019-04-26T12:00:00Z,disorganized,25.0,,ibtracs_intensity_rules,3.2,89.2
fani_2019,fani_2019_20190426T150000Z.npz,2019-04-26T15:00:00Z,disorganized,,,ibtracs_intensity_rules,3.41934,88.9523
fani_2019,fani_2019_20190426T180000Z.npz,2019-04-26T18:00:00Z,disorganized,25.0,25.0,ibtracs_intensity_rules,3.7,88.8
fani_2019,fani_2019_20190426T210000Z.npz,2019-04-26T21:00:00Z,disorganized,,,ibtracs_intensity_rules,4.07954,88.7931
fani_2019,fani_2019_20190427T000000Z.npz,2019-04-27T00:00:00Z,disorganized,30.0,25.0,ibtracs_intensity_rules,4.5,88.8
fani_2019,fani_2019_20190427T030000Z.npz,2019-04-27T03:00:00Z,disorganized,30.0,,ibtracs_intensity_rules,4.9,88.7
fani_2019,fani_2019_20190427T060000Z.npz,2019-04-27T06:00:00Z,curved_band,35.0,30.0,ibtracs_intensity_rules,5.2,88.6
fani_2019,fani_2019_20190427T090000Z.npz,2019-04-27T09:00:00Z,curved_band,40.0,30.0,ibtracs_intensity_rules,5.4,88.5
fani_2019,fani_2019_20190427T120000Z.npz,2019-04-27T12:00:00Z,curved_band,45.0,35.0,ibtracs_intensity_rules,5.9,88.5
fani_2019,fani_2019_20190427T150000Z.npz,2019-04-27T15:00:00Z,curved_band,45.0,40.0,ibtracs_intensity_rules,6.3,88.5
fani_2019,fani_2019_20190427T180000Z.npz,2019-04-27T18:00:00Z,curved_band,45.0,45.0,ibtracs_intensity_rules,6.6,88.2
fani_2019,fani_2019_20190427T210000Z.npz,2019-04-27T21:00:00Z,curved_band,45.0,45.0,ibtracs_intensity_rules,6.9,87.9
fani_2019,fani_2019_20190428T000000Z.npz,2019-04-28T00:00:00Z,curved_band,45.0,45.0,ibtracs_intensity_rules,7.3,87.9
fani_2019,fani_2019_20190428T030000Z.npz,2019-04-28T03:00:00Z,curved_band,45.0,45.0,ibtracs_intensity_rules,7.3,87.9
fani_2019,fani_2019_20190428T060000Z.npz,2019-04-28T06:00:00Z,curved_band,45.0,45.0,ibtracs_intensity_rules,7.4,87.8
fani_2019,fani_2019_20190428T090000Z.npz,2019-04-28T09:00:00Z,curved_band,45.0,45.0,ibtracs_intensity_rules,7.7,87.5
fani_2019,fani_2019_20190428T120000Z.npz,2019-04-28T12:00:00Z,curved_band,45.0,45.0,ibtracs_intensity_rules,8.2,87.0
fani_2019,fani_2019_20190428T150000Z.npz,2019-04-28T15:00:00Z,curved_band,45.0,45.0,ibtracs_intensity_rules,8.3,86.9
fani_2019,fani_2019_20190428T180000Z.npz,2019-04-28T18:00:00Z,curved_band,45.0,45.0,ibtracs_intensity_rules,8.4,86.9
fani_2019,fani_2019_20190428T210000Z.npz,2019-04-28T21:00:00Z,curved_band,45.0,45.0,ibtracs_intensity_rules,8.5,86.9
fani_2019,fani_2019_20190429T000000Z.npz,2019-04-29T00:00:00Z,curved_band,45.0,45.0,ibtracs_intensity_rules,8.6,86.9
fani_2019,fani_2019_20190429T030000Z.npz,2019-04-29T03:00:00Z,curved_band,45.0,45.0,ibtracs_intensity_rules,8.7,86.9
fani_2019,fani_2019_20190429T060000Z.npz,2019-04-29T06:00:00Z,curved_band,45.0,45.0,ibtracs_intensity_rules,9.2,86.9
fani_2019,fani_2019_20190429T090000Z.npz,2019-04-29T09:00:00Z,curved_band,45.0,45.0,ibtracs_intensity_rules,9.7,86.8
fani_2019,fani_2019_20190429T120000Z.npz,2019-04-29T12:00:00Z,curved_band,55.0,45.0,ibtracs_intensity_rules,10.1,86.7
fani_2019,fani_2019_20190429T150000Z.npz,2019-04-29T15:00:00Z,curved_band,55.0,45.0,ibtracs_intensity_rules,10.4,86.7
fani_2019,fani_2019_20190429T180000Z.npz,2019-04-29T18:00:00Z,curved_band,55.0,55.0,ibtracs_intensity_rules,10.8,86.6
fani_2019,fani_2019_20190429T210000Z.npz,2019-04-29T21:00:00Z,banding,65.0,55.0,ibtracs_intensity_rules,11.1,86.5
fani_2019,fani_2019_20190430T000000Z.npz,2019-04-30T00:00:00Z,banding,70.0,55.0,ibtracs_intensity_rules,11.7,86.5
fani_2019,fani_2019_20190430T030000Z.npz,2019-04-30T03:00:00Z,banding,75.0,65.0,ibtracs_intensity_rules,12.3,86.2
fani_2019,fani_2019_20190430T060000Z.npz,2019-04-30T06:00:00Z,banding,80.0,70.0,ibtracs_intensity_rules,12.6,85.7
fani_2019,fani_2019_20190430T090000Z.npz,2019-04-30T09:00:00Z,banding,85.0,75.0,ibtracs_intensity_rules,13.0,85.3
fani_2019,fani_2019_20190430T120000Z.npz,2019-04-30T12:00:00Z,banding,90.0,80.0,ibtracs_intensity_rules,13.3,84.7
fani_2019,fani_2019_20190430T150000Z.npz,2019-04-30T15:00:00Z,banding,95.0,85.0,ibtracs_intensity_rules,13.4,84.5
fani_2019,fani_2019_20190430T180000Z.npz,2019-04-30T18:00:00Z,banding,95.0,90.0,ibtracs_intensity_rules,13.5,84.4
fani_2019,fani_2019_20190430T210000Z.npz,2019-04-30T21:00:00Z,banding,95.0,95.0,ibtracs_intensity_rules,13.6,84.2
fani_2019,fani_2019_20190501T000000Z.npz,2019-05-01T00:00:00Z,banding,95.0,95.0,ibtracs_intensity_rules,13.9,84.0
fani_2019,fani_2019_20190501T030000Z.npz,2019-05-01T03:00:00Z,banding,95.0,95.0,ibtracs_intensity_rules,14.1,83.9
fani_2019,fani_2019_20190501T060000Z.npz,2019-05-01T06:00:00Z,banding,95.0,95.0,ibtracs_intensity_rules,14.2,83.9
fani_2019,fani_2019_20190501T090000Z.npz,2019-05-01T09:00:00Z,banding,95.0,95.0,ibtracs_intensity_rules,14.5,84.1
fani_2019,fani_2019_20190501T120000Z.npz,2019-05-01T12:00:00Z,banding,100.0,95.0,ibtracs_intensity_rules,14.9,84.1
fani_2019,fani_2019_20190501T150000Z.npz,2019-05-01T15:00:00Z,banding,100.0,95.0,ibtracs_intensity_rules,15.1,84.1
fani_2019,fani_2019_20190501T180000Z.npz,2019-05-01T18:00:00Z,banding,100.0,100.0,ibtracs_intensity_rules,15.2,84.1
fani_2019,fani_2019_20190501T210000Z.npz,2019-05-01T21:00:00Z,banding,100.0,100.0,ibtracs_intensity_rules,15.5,84.2
fani_2019,fani_2019_20190502T000000Z.npz,2019-05-02T00:00:00Z,banding,105.0,100.0,ibtracs_intensity_rules,15.9,84.5
fani_2019,fani_2019_20190502T030000Z.npz,2019-05-02T03:00:00Z,banding,105.0,100.0,ibtracs_intensity_rules,16.2,84.6
fani_2019,fani_2019_20190502T060000Z.npz,2019-05-02T06:00:00Z,banding,110.0,105.0,ibtracs_intensity_rules,16.7,84.8
fani_2019,fani_2019_20190502T090000Z.npz,2019-05-02T09:00:00Z,banding,115.0,105.0,ibtracs_intensity_rules,17.1,84.8
fani_2019,fani_2019_20190502T120000Z.npz,2019-05-02T12:00:00Z,banding,115.0,110.0,ibtracs_intensity_rules,17.5,84.8
fani_2019,fani_2019_20190502T150000Z.npz,2019-05-02T15:00:00Z,banding,115.0,115.0,ibtracs_intensity_rules,17.8,84.9
fani_2019,fani_2019_20190502T180000Z.npz,2019-05-02T18:00:00Z,banding,115.0,115.0,ibtracs_intensity_rules,18.2,85.0
fani_2019,fani_2019_20190502T210000Z.npz,2019-05-02T21:00:00Z,banding,115.0,115.0,ibtracs_intensity_rules,18.6,85.2
fani_2019,fani_2019_20190503T000000Z.npz,2019-05-03T00:00:00Z,banding,105.0,115.0,ibtracs_intensity_rules,19.1,85.5
fani_2019,fani_2019_20190503T030000Z.npz,2019-05-03T03:00:00Z,shear_affected,100.0,115.0,ibtracs_intensity_rules,19.6,85.7
fani_2019,fani_2019_20190503T060000Z.npz,2019-05-03T06:00:00Z,shear_affected,85.0,105.0,ibtracs_intensity_rules,20.2,85.9
fani_2019,fani_2019_20190503T090000Z.npz,2019-05-03T09:00:00Z,shear_affected,75.0,100.0,ibtracs_intensity_rules,20.6,86.0
fani_2019,fani_2019_20190503T120000Z.npz,2019-05-03T12:00:00Z,shear_affected,70.0,85.0,ibtracs_intensity_rules,21.1,86.5
fani_2019,fani_2019_20190503T150000Z.npz,2019-05-03T15:00:00Z,shear_affected,60.0,75.0,ibtracs_intensity_rules,21.5,86.7
fani_2019,fani_2019_20190503T180000Z.npz,2019-05-03T18:00:00Z,shear_affected,55.0,70.0,ibtracs_intensity_rules,21.9,87.1
fani_2019,fani_2019_20190503T210000Z.npz,2019-05-03T21:00:00Z,curved_band,50.0,60.0,ibtracs_intensity_rules,22.5,87.9
fani_2019,fani_2019_20190504T000000Z.npz,2019-05-04T00:00:00Z,shear_affected,40.0,55.0,ibtracs_intensity_rules,23.1,88.2
hudhud_2014,hudhud_2014_20141006T000000Z.npz,2014-10-06T00:00:00Z,disorganized,,,ibtracs_intensity_rules,,
hudhud_2014,hudhud_2014_20141006T030000Z.npz,2014-10-06T03:00:00Z,disorganized,,,ibtracs_intensity_rules,,
hudhud_2014,hudhud_2014_20141006T060000Z.npz,2014-10-06T06:00:00Z,disorganized,,,ibtracs_intensity_rules,10.7,96.1
hudhud_2014,hudhud_2014_20141006T090000Z.npz,2014-10-06T09:00:00Z,disorganized,,,ibtracs_intensity_rules,10.6925,96.0075
hudhud_2014,hudhud_2014_20141006T120000Z.npz,2014-10-06T12:00:00Z,disorganized,,,ibtracs_intensity_rules,10.7,95.9
hudhud_2014,hudhud_2014_20141006T150000Z.npz,2014-10-06T15:00:00Z,disorganized,,,ibtracs_intensity_rules,10.735,95.765
hudhud_2014,hudhud_2014_20141006T180000Z.npz,2014-10-06T18:00:00Z,disorganized,,,ibtracs_intensity_rules,10.8,95.6
hudhud_2014,hudhud_2014_20141006T210000Z.npz,2014-10-06T21:00:00Z,disorganized,,,ibtracs_intensity_rules,10.8925,95.415
hudhud_2014,hudhud_2014_20141007T000000Z.npz,2014-10-07T00:00:00Z,disorganized,,,ibtracs_intensity_rules,11.0,95.2
hudhud_2014,hudhud_2014_20141007T030000Z.npz,2014-10-07T03:00:00Z,disorganized,25.0,,ibtracs_intensity_rules,11.5,95.0
hudhud_2014,hudhud_2014_20141007T060000Z.npz,2014-10-07T06:00:00Z,disorganized,25.0,,ibtracs_intensity_rules,11.7,94.8
hudhud_2014,hudhud_2014_20141007T090000Z.npz,2014-10-07T09:00:00Z,disorganized,,25.0,ibtracs_intensity_rules,11.8808,94.4206
hudhud_2014,hudhud_2014_20141007T120000Z.npz,2014-10-07T12:00:00Z,disorganized,30.0,25.0,ibtracs_intensity_rules,12.0,94.0
hudhud_2014,hudhud_2014_20141007T150000Z.npz,2014-10-07T15:00:00Z,disorganized,,,ibtracs_intensity_rules,12.0074,93.7274
hudhud_2014,hudhud_2014_20141007T180000Z.npz,2014-10-07T18:00:00Z,disorganized,30.0,30.0,ibtracs_intensity_rules,12.0,93.5
hudhud_2014,hudhud_2014_20141007T210000Z.npz,2014-10-07T21:00:00Z,disorganized,,,ibtracs_intensity_rules,12.0864,93.2194
hudhud_2014,hudhud_2014_20141008T000000Z.npz,2014-10-08T00:00:00Z,disorganized,30.0,30.0,ibtracs_intensity_rules,12.2,93.0
hudhud_2014,hudhud_2014_20141008T030000Z.npz,2014-10-08T03:00:00Z,curved_band,35.0,,ibtracs_intensity_rules,12.3,92.9
hudhud_2014,hudhud_2014_20141008T060000Z.npz,2014-10-08T06:00:00Z,curved_band,40.0,30.0,ibtracs_intensity_rules,12.5,92.5
hudhud_2014,hudhud_2014_20141008T090000Z.npz,2014-10-08T09:00:00Z,curved_band,40.0,35.0,ibtracs_intensity_rules,12.7,91.7
hudhud_2014,hudhud_2014_20141008T120000Z.npz,2014-10-08T12:00:00Z,curved_band,40.0,40.0,ibtracs_intensity_rules,12.8,91.0
hudhud_2014,hudhud_2014_20141008T150000Z.npz,2014-10-08T15:00:00Z,curved_band,40.0,40.0,ibtracs_intensity_rules,13.0,90.5
hudhud_2014,hudhud_2014_20141008T180000Z.npz,2014-10-08T18:00:00Z,curved_band,45.0,40.0,ibtracs_intensity_rules,13.2,90.2
hudhud_2014,hudhud_2014_20141008T210000Z.npz,2014-10-08T21:00:00Z,curved_band,45.0,40.0,ibtracs_intensity_rules,13.5,89.6
hudhud_2014,hudhud_2014_20141009T000000Z.npz,2014-10-09T00:00:00Z,curved_band,45.0,45.0,ibtracs_intensity_rules,13.7,89.2
hudhud_2014,hudhud_2014_20141009T030000Z.npz,2014-10-09T03:00:00Z,curved_band,55.0,45.0,ibtracs_intensity_rules,13.8,89.0
hudhud_2014,hudhud_2014_20141009T060000Z.npz,2014-10-09T06:00:00Z,curved_band,55.0,45.0,ibtracs_intensity_rules,13.9,88.8
hudhud_2014,hudhud_2014_20141009T090000Z.npz,2014-10-09T09:00:00Z,curved_band,55.0,55.0,ibtracs_intensity_rules,14.0,88.6
hudhud_2014,hudhud_2014_20141009T120000Z.npz,2014-10-09T12:00:00Z,curved_band,55.0,55.0,ibtracs_intensity_rules,14.1,88.4
hudhud_2014,hudhud_2014_20141009T150000Z.npz,2014-10-09T15:00:00Z,curved_band,55.0,55.0,ibtracs_intensity_rules,14.1,88.1
hudhud_2014,hudhud_2014_20141009T180000Z.npz,2014-10-09T18:00:00Z,curved_band,55.0,55.0,ibtracs_intensity_rules,14.1,87.9
hudhud_2014,hudhud_2014_20141009T210000Z.npz,2014-10-09T21:00:00Z,curved_band,60.0,55.0,ibtracs_intensity_rules,14.3,87.7
hudhud_2014,hudhud_2014_20141010T000000Z.npz,2014-10-10T00:00:00Z,curved_band,60.0,55.0,ibtracs_intensity_rules,14.4,87.6
hudhud_2014,hudhud_2014_20141010T030000Z.npz,2014-10-10T03:00:00Z,curved_band,60.0,60.0,ibtracs_intensity_rules,14.7,87.2
hudhud_2014,hudhud_2014_20141010T060000Z.npz,2014-10-10T06:00:00Z,curved_band,60.0,60.0,ibtracs_intensity_rules,14.8,87.0
hudhud_2014,hudhud_2014_20141010T090000Z.npz,2014-10-10T09:00:00Z,banding,65.0,60.0,ibtracs_intensity_rules,15.0,86.8
hudhud_2014,hudhud_2014_20141010T120000Z.npz,2014-10-10T12:00:00Z,banding,70.0,60.0,ibtracs_intensity_rules,15.2,86.7
hudhud_2014,hudhud_2014_20141010T150000Z.npz,2014-10-10T15:00:00Z,banding,75.0,65.0,ibtracs_intensity_rules,15.4,86.5
hudhud_2014,hudhud_2014_20141010T180000Z.npz,2014-10-10T18:00:00Z,banding,75.0,70.0,ibtracs_intensity_rules,15.5,86.4
hudhud_2014,hudhud_2014_20141010T210000Z.npz,2014-10-10T21:00:00Z,banding,75.0,75.0,ibtracs_intensity_rules,15.7,86.1
hudhud_2014,hudhud_2014_20141011T000000Z.npz,2014-10-11T00:00:00Z,banding,75.0,75.0,ibtracs_intensity_rules,15.9,85.7
hudhud_2014,hudhud_2014_20141011T030000Z.npz,2014-10-11T03:00:00Z,banding,80.0,75.0,ibtracs_intensity_rules,16.0,85.4
hudhud_2014,hudhud_2014_20141011T060000Z.npz,2014-10-11T06:00:00Z,banding,90.0,75.0,ibtracs_intensity_rules,16.1,85.1
hudhud_2014,hudhud_2014_20141011T090000Z.npz,2014-10-11T09:00:00Z,banding,90.0,80.0,ibtracs_intensity_rules,16.1,85.0
hudhud_2014,hudhud_2014_20141011T120000Z.npz,2014-10-11T12:00:00Z,banding,95.0,90.0,ibtracs_intensity_rules,16.2,84.8
hudhud_2014,hudhud_2014_20141011T150000Z.npz,2014-10-11T15:00:00Z,banding,95.0,90.0,ibtracs_intensity_rules,16.2,84.8
hudhud_2014,hudhud_2014_20141011T180000Z.npz,2014-10-11T18:00:00Z,banding,100.0,95.0,ibtracs_intensity_rules,16.4,84.7
hudhud_2014,hudhud_2014_20141011T210000Z.npz,2014-10-11T21:00:00Z,banding,100.0,95.0,ibtracs_intensity_rules,16.7,84.4
hudhud_2014,hudhud_2014_20141012T000000Z.npz,2014-10-12T00:00:00Z,banding,100.0,100.0,ibtracs_intensity_rules,17.2,84.2
hudhud_2014,hudhud_2014_20141012T030000Z.npz,2014-10-12T03:00:00Z,banding,100.0,100.0,ibtracs_intensity_rules,17.4,83.8
hudhud_2014,hudhud_2014_20141012T060000Z.npz,2014-10-12T06:00:00Z,banding,100.0,100.0,ibtracs_intensity_rules,17.6,83.4
hudhud_2014,hudhud_2014_20141012T090000Z.npz,2014-10-12T09:00:00Z,banding,90.0,100.0,ibtracs_intensity_rules,17.8,83.0
hudhud_2014,hudhud_2014_20141012T120000Z.npz,2014-10-12T12:00:00Z,shear_affected,60.0,100.0,ibtracs_intensity_rules,18.0,82.7
hudhud_2014,hudhud_2014_20141012T150000Z.npz,2014-10-12T15:00:00Z,shear_affected,45.0,90.0,ibtracs_intensity_rules,18.3,82.5
hudhud_2014,hudhud_2014_20141012T180000Z.npz,2014-10-12T18:00:00Z,shear_affected,40.0,60.0,ibtracs_intensity_rules,18.7,82.3
hudhud_2014,hudhud_2014_20141012T210000Z.npz,2014-10-12T21:00:00Z,curved_band,40.0,45.0,ibtracs_intensity_rules,18.7,82.3
hudhud_2014,hudhud_2014_20141013T000000Z.npz,2014-10-13T00:00:00Z,disorganized,30.0,40.0,ibtracs_intensity_rules,19.5,81.5
hudhud_2014,hudhud_2014_20141013T030000Z.npz,2014-10-13T03:00:00Z,disorganized,30.0,40.0,ibtracs_intensity_rules,20.5,81.5
hudhud_2014,hudhud_2014_20141013T060000Z.npz,2014-10-13T06:00:00Z,disorganized,30.0,30.0,ibtracs_intensity_rules,20.7,81.5
hudhud_2014,hudhud_2014_20141013T090000Z.npz,2014-10-13T09:00:00Z,disorganized,,30.0,ibtracs_intensity_rules,20.9523,81.5
hudhud_2014,hudhud_2014_20141013T120000Z.npz,2014-10-13T12:00:00Z,disorganized,25.0,30.0,ibtracs_intensity_rules,21.3,81.5
hudhud_2014,hudhud_2014_20141013T150000Z.npz,2014-10-13T15:00:00Z,disorganized,,,ibtracs_intensity_rules,21.6576,81.5
hudhud_2014,hudhud_2014_20141013T180000Z.npz,2014-10-13T18:00:00Z,disorganized,25.0,25.0,ibtracs_intensity_rules,22.3,81.5
hudhud_2014,hudhud_2014_20141013T210000Z.npz,2014-10-13T21:00:00Z,disorganized,,,ibtracs_intensity_rules,23.6421,81.4798
hudhud_2014,hudhud_2014_20141014T000000Z.npz,2014-10-14T00:00:00Z,disorganized,25.0,25.0,ibtracs_intensity_rules,24.8,81.5
ockhi_2017,ockhi_2017_20171128T000000Z.npz,2017-11-28T00:00:00Z,disorganized,,,ibtracs_intensity_rules,,
ockhi_2017,ockhi_2017_20171128T030000Z.npz,2017-11-28T03:00:00Z,disorganized,,,ibtracs_intensity_rules,,
ockhi_2017,ockhi_2017_20171128T060000Z.npz,2017-11-28T06:00:00Z,disorganized,,,ibtracs_intensity_rules,,
ockhi_2017,ockhi_2017_20171128T090000Z.npz,2017-11-28T09:00:00Z,disorganized,,,ibtracs_intensity_rules,,
ockhi_2017,ockhi_2017_20171128T120000Z.npz,2017-11-28T12:00:00Z,disorganized,,,ibtracs_intensity_rules,,
ockhi_2017,ockhi_2017_20171128T150000Z.npz,2017-11-28T15:00:00Z,disorganized,,,ibtracs_intensity_rules,,
ockhi_2017,ockhi_2017_20171128T180000Z.npz,2017-11-28T18:00:00Z,disorganized,,,ibtracs_intensity_rules,6.0,82.2
ockhi_2017,ockhi_2017_20171128T210000Z.npz,2017-11-28T21:00:00Z,disorganized,,,ibtracs_intensity_rules,5.9475,81.985
ockhi_2017,ockhi_2017_20171129T000000Z.npz,2017-11-29T00:00:00Z,disorganized,,,ibtracs_intensity_rules,5.9,81.7
ockhi_2017,ockhi_2017_20171129T030000Z.npz,2017-11-29T03:00:00Z,disorganized,25.0,,ibtracs_intensity_rules,6.5,81.8
ockhi_2017,ockhi_2017_20171129T060000Z.npz,2017-11-29T06:00:00Z,disorganized,25.0,,ibtracs_intensity_rules,6.5,80.4
ockhi_2017,ockhi_2017_20171129T090000Z.npz,2017-11-29T09:00:00Z,disorganized,,25.0,ibtracs_intensity_rules,6.35284,79.9819
ockhi_2017,ockhi_2017_20171129T120000Z.npz,2017-11-29T12:00:00Z,disorganized,25.0,25.0,ibtracs_intensity_rules,6.2,80.0
ockhi_2017,ockhi_2017_20171129T150000Z.npz,2017-11-29T15:00:00Z,disorganized,,,ibtracs_intensity_rules,6.192,79.6681
ockhi_2017,ockhi_2017_20171129T180000Z.npz,2017-11-29T18:00:00Z,disorganized,25.0,25.0,ibtracs_intensity_rules,6.3,79.2
ockhi_2017,ockhi_2017_20171129T210000Z.npz,2017-11-29T21:00:00Z,disorganized,30.0,,ibtracs_intensity_rules,6.5,78.6
ockhi_2017,ockhi_2017_20171130T000000Z.npz,2017-11-30T00:00:00Z,disorganized,30.0,25.0,ibtracs_intensity_rules,6.7,78.3
ockhi_2017,ockhi_2017_20171130T030000Z.npz,2017-11-30T03:00:00Z,curved_band,35.0,30.0,ibtracs_intensity_rules,7.5,77.5
ockhi_2017,ockhi_2017_20171130T060000Z.npz,2017-11-30T06:00:00Z,curved_band,40.0,30.0,ibtracs_intensity_rules,7.8,76.9
ockhi_2017,ockhi_2017_20171130T090000Z.npz,2017-11-30T09:00:00Z,curved_band,45.0,35.0,ibtracs_intensity_rules,7.9,76.4
ockhi_2017,ockhi_2017_20171130T120000Z.npz,2017-11-30T12:00:00Z,curved_band,45.0,40.0,ibtracs_intensity_rules,8.2,75.8
ockhi_2017,ockhi_2017_20171130T150000Z.npz,2017-11-30T15:00:00Z,curved_band,45.0,45.0,ibtracs_intensity_rules,8.3,75.4
ockhi_2017,ockhi_2017_20171130T180000Z.npz,2017-11-30T18:00:00Z,curved_band,45.0,45.0,ibtracs_intensity_rules,8.5,74.9
ockhi_2017,ockhi_2017_20171130T210000Z.npz,2017-11-30T21:00:00Z,curved_band,45.0,45.0,ibtracs_intensity_rules,8.6,74.5
ockhi_2017,ockhi_2017_20171201T000000Z.npz,2017-12-01T00:00:00Z,curved_band,50.0,45.0,ibtracs_intensity_rules,8.8,74.0
ockhi_2017,ockhi_2017_20171201T030000Z.npz,2017-12-01T03:00:00Z,curved_band,55.0,45.0,ibtracs_intensity_rules,8.9,73.8
ockhi_2017,ockhi_2017_20171201T060000Z.npz,2017-12-01T06:00:00Z,curved_band,60.0,50.0,ibtracs_intensity_rules,9.0,73.4
ockhi_2017,ockhi_2017_20171201T090000Z.npz,2017-12-01T09:00:00Z,banding,65.0,55.0,ibtracs_intensity_rules,9.1,73.0
ockhi_2017,ockhi_2017_20171201T120000Z.npz,2017-12-01T12:00:00Z,banding,65.0,60.0,ibtracs_intensity_rules,9.2,72.8
ockhi_2017,ockhi_2017_20171201T150000Z.npz,2017-12-01T15:00:00Z,banding,65.0,65.0,ibtracs_intensity_rules,9.3,72.5
ockhi_2017,ockhi_2017_20171201T180000Z.npz,2017-12-01T18:00:00Z,banding,70.0,65.0,ibtracs_intensity_rules,9.4,72.1
ockhi_2017,ockhi_2017_20171201T210000Z.npz,2017-12-01T21:00:00Z,banding,75.0,65.0,ibtracs_intensity_rules,9.5,71.8
ockhi_2017,ockhi_2017_20171202T000000Z.npz,2017-12-02T00:00:00Z,banding,80.0,70.0,ibtracs_intensity_rules,9.6,71.5
ockhi_2017,ockhi_2017_20171202T030000Z.npz,2017-12-02T03:00:00Z,banding,80.0,75.0,ibtracs_intensity_rules,9.7,71.2
ockhi_2017,ockhi_2017_20171202T060000Z.npz,2017-12-02T06:00:00Z,banding,85.0,80.0,ibtracs_intensity_rules,9.8,71.0
ockhi_2017,ockhi_2017_20171202T090000Z.npz,2017-12-02T09:00:00Z,banding,85.0,80.0,ibtracs_intensity_rules,10.2,70.6
ockhi_2017,ockhi_2017_20171202T120000Z.npz,2017-12-02T12:00:00Z,banding,85.0,85.0,ibtracs_intensity_rules,10.5,70.3
ockhi_2017,ockhi_2017_20171202T150000Z.npz,2017-12-02T15:00:00Z,banding,85.0,85.0,ibtracs_intensity_rules,10.8,70.0
ockhi_2017,ockhi_2017_20171202T180000Z.npz,2017-12-02T18:00:00Z,banding,85.0,85.0,ibtracs_intensity_rules,11.1,69.7
ockhi_2017,ockhi_2017_20171202T210000Z.npz,2017-12-02T21:00:00Z,banding,85.0,85.0,ibtracs_intensity_rules,11.3,69.5
ockhi_2017,ockhi_2017_20171203T000000Z.npz,2017-12-03T00:00:00Z,banding,85.0,85.0,ibtracs_intensity_rules,11.7,69.2
ockhi_2017,ockhi_2017_20171203T030000Z.npz,2017-12-03T03:00:00Z,banding,80.0,85.0,ibtracs_intensity_rules,12.1,69.0
ockhi_2017,ockhi_2017_20171203T060000Z.npz,2017-12-03T06:00:00Z,banding,75.0,85.0,ibtracs_intensity_rules,12.3,68.9
ockhi_2017,ockhi_2017_20171203T090000Z.npz,2017-12-03T09:00:00Z,banding,75.0,80.0,ibtracs_intensity_rules,12.4,68.8
ockhi_2017,ockhi_2017_20171203T120000Z.npz,2017-12-03T12:00:00Z,banding,75.0,75.0,ibtracs_intensity_rules,12.9,68.7
ockhi_2017,ockhi_2017_20171203T150000Z.npz,2017-12-03T15:00:00Z,banding,75.0,75.0,ibtracs_intensity_rules,13.1,68.6
ockhi_2017,ockhi_2017_20171203T180000Z.npz,2017-12-03T18:00:00Z,banding,75.0,75.0,ibtracs_intensity_rules,13.5,68.5
ockhi_2017,ockhi_2017_20171203T210000Z.npz,2017-12-03T21:00:00Z,banding,75.0,75.0,ibtracs_intensity_rules,14.0,68.5
ockhi_2017,ockhi_2017_20171204T000000Z.npz,2017-12-04T00:00:00Z,banding,70.0,75.0,ibtracs_intensity_rules,14.5,68.5
ockhi_2017,ockhi_2017_20171204T030000Z.npz,2017-12-04T03:00:00Z,banding,65.0,75.0,ibtracs_intensity_rules,14.7,68.5
ockhi_2017,ockhi_2017_20171204T060000Z.npz,2017-12-04T06:00:00Z,banding,65.0,70.0,ibtracs_intensity_rules,14.9,68.7
ockhi_2017,ockhi_2017_20171204T090000Z.npz,2017-12-04T09:00:00Z,banding,65.0,65.0,ibtracs_intensity_rules,15.2,69.0
ockhi_2017,ockhi_2017_20171204T120000Z.npz,2017-12-04T12:00:00Z,curved_band,60.0,65.0,ibtracs_intensity_rules,15.7,69.2
ockhi_2017,ockhi_2017_20171204T150000Z.npz,2017-12-04T15:00:00Z,curved_band,60.0,65.0,ibtracs_intensity_rules,16.1,69.5
ockhi_2017,ockhi_2017_20171204T180000Z.npz,2017-12-04T18:00:00Z,curved_band,55.0,60.0,ibtracs_intensity_rules,16.5,69.8
ockhi_2017,ockhi_2017_20171204T210000Z.npz,2017-12-04T21:00:00Z,curved_band,55.0,60.0,ibtracs_intensity_rules,16.9,70.1
ockhi_2017,ockhi_2017_20171205T000000Z.npz,2017-12-05T00:00:00Z,curved_band,50.0,55.0,ibtracs_intensity_rules,17.3,70.4
phailin_2013,phailin_2013_20131007T000000Z.npz,2013-10-07T00:00:00Z,disorganized,,,ibtracs_intensity_rules,,
phailin_2013,phailin_2013_20131007T030000Z.npz,2013-10-07T03:00:00Z,disorganized,,,ibtracs_intensity_rules,,
phailin_2013,phailin_2013_20131007T060000Z.npz,2013-10-07T06:00:00Z,disorganized,,,ibtracs_intensity_rules,,
phailin_2013,phailin_2013_20131007T090000Z.npz,2013-10-07T09:00:00Z,disorganized,,,ibtracs_intensity_rules,,
phailin_2013,phailin_2013_20131007T120000Z.npz,2013-10-07T12:00:00Z,disorganized,,,ibtracs_intensity_rules,11.8,97.6
phailin_2013,phailin_2013_20131007T150000Z.npz,2013-10-07T15:00:00Z,disorganized,,,ibtracs_intensity_rules,11.9629,96.9677
phailin_2013,phailin_2013_20131007T180000Z.npz,2013-10-07T18:00:00Z,disorganized,,,ibtracs_intensity_rules,12.1,96.4
phailin_2013,phailin_2013_20131007T210000Z.npz,2013-10-07T21:00:00Z,disorganized,,,ibtracs_intensity_rules,12.1999,95.9474
phailin_2013,phailin_2013_20131008T000000Z.npz,2013-10-08T00:00:00Z,disorganized,,,ibtracs_intensity_rules,12.3,95.6
phailin_2013,phailin_2013_20131008T030000Z.npz,2013-10-08T03:00:00Z,disorganized,25.0,,ibtracs_intensity_rules,12.0,96.0
phailin_2013,phailin_2013_20131008T060000Z.npz,2013-10-08T06:00:00Z,disorganized,25.0,,ibtracs_intensity_rules,12.0,95.5
phailin_2013,phailin_2013_20131008T090000Z.npz,2013-10-08T09:00:00Z,disorganized,,25.0,ibtracs_intensity_rules,11.966,94.9658
phailin_2013,phailin_2013_20131008T120000Z.npz,2013-10-08T12:00:00Z,disorganized,25.0,25.0,ibtracs_intensity_rules,12.0,94.5
phailin_2013,phailin_2013_20131008T150000Z.npz,2013-10-08T15:00:00Z,disorganized,,,ibtracs_intensity_rules,12.2123,94.2125
phailin_2013,phailin_2013_20131008T180000Z.npz,2013-10-08T18:00:00Z,disorganized,25.0,25.0,ibtracs_intensity_rules,12.5,94.0
phailin_2013,phailin_2013_20131008T210000Z.npz,2013-10-08T21:00:00Z,disorganized,,,ibtracs_intensity_rules,12.8012,93.699
phailin_2013,phailin_2013_20131009T000000Z.npz,2013-10-09T00:00:00Z,disorganized,30.0,25.0,ibtracs_intensity_rules,13.0,93.5
phailin_2013,phailin_2013_20131009T030000Z.npz,2013-10-09T03:00:00Z,disorganized,30.0,,ibtracs_intensity_rules,13.0,93.5
phailin_2013,phailin_2013_20131009T060000Z.npz,2013-10-09T06:00:00Z,disorganized,30.0,30.0,ibtracs_intensity_rules,13.0,93.0
phailin_2013,phailin_2013_20131009T090000Z.npz,2013-10-09T09:00:00Z,disorganized,30.0,30.0,ibtracs_intensity_rules,13.5,92.5
phailin_2013,phailin_2013_20131009T120000Z.npz,2013-10-09T12:00:00Z,curved_band,35.0,30.0,ibtracs_intensity_rules,13.5,92.5
phailin_2013,phailin_2013_20131009T150000Z.npz,2013-10-09T15:00:00Z,curved_band,35.0,30.0,ibtracs_intensity_rules,13.6,92.5
phailin_2013,phailin_2013_20131009T180000Z.npz,2013-10-09T18:00:00Z,curved_band,40.0,35.0,ibtracs_intensity_rules,14.0,92.0
phailin_2013,phailin_2013_20131009T210000Z.npz,2013-10-09T21:00:00Z,curved_band,45.0,35.0,ibtracs_intensity_rules,14.0,92.0
phailin_2013,phailin_2013_20131010T000000Z.npz,2013-10-10T00:00:00Z,curved_band,45.0,40.0,ibtracs_intensity_rules,14.5,91.5
phailin_2013,phailin_2013_20131010T030000Z.npz,2013-10-10T03:00:00Z,curved_band,55.0,45.0,ibtracs_intensity_rules,14.5,91.0
phailin_2013,phailin_2013_20131010T060000Z.npz,2013-10-10T06:00:00Z,banding,65.0,45.0,ibtracs_intensity_rules,15.0,90.5
phailin_2013,phailin_2013_20131010T090000Z.npz,2013-10-10T09:00:00Z,banding,70.0,55.0,ibtracs_intensity_rules,15.0,90.5
phailin_2013,phailin_2013_20131010T120000Z.npz,2013-10-10T12:00:00Z,banding,75.0,65.0,ibtracs_intensity_rules,15.5,90.0
phailin_2013,phailin_2013_20131010T150000Z.npz,2013-10-10T15:00:00Z,banding,90.0,70.0,ibtracs_intensity_rules,15.5,90.0
phailin_2013,phailin_2013_20131010T180000Z.npz,2013-10-10T18:00:00Z,banding,95.0,75.0,ibtracs_intensity_rules,15.5,89.5
phailin_2013,phailin_2013_20131010T210000Z.npz,2013-10-10T21:00:00Z,banding,100.0,90.0,ibtracs_intensity_rules,15.5,89.0
phailin_2013,phailin_2013_20131011T000000Z.npz,2013-10-11T00:00:00Z,banding,110.0,95.0,ibtracs_intensity_rules,16.0,88.5
phailin_2013,phailin_2013_20131011T030000Z.npz,2013-10-11T03:00:00Z,banding,115.0,100.0,ibtracs_intensity_rules,16.0,88.5
phailin_2013,phailin_2013_20131011T060000Z.npz,2013-10-11T06:00:00Z,banding,115.0,110.0,ibtracs_intensity_rules,16.2,88.3
phailin_2013,phailin_2013_20131011T090000Z.npz,2013-10-11T09:00:00Z,banding,115.0,115.0,ibtracs_intensity_rules,16.5,88.0
phailin_2013,phailin_2013_20131011T120000Z.npz,2013-10-11T12:00:00Z,banding,115.0,115.0,ibtracs_intensity_rules,16.8,87.7
phailin_2013,phailin_2013_20131011T150000Z.npz,2013-10-11T15:00:00Z,banding,115.0,115.0,ibtracs_intensity_rules,16.9,87.2
phailin_2013,phailin_2013_20131011T180000Z.npz,2013-10-11T18:00:00Z,banding,115.0,115.0,ibtracs_intensity_rules,17.0,87.0
phailin_2013,phailin_2013_20131011T210000Z.npz,2013-10-11T21:00:00Z,banding,115.0,115.0,ibtracs_intensity_rules,17.1,86.8
phailin_2013,phailin_2013_20131012T000000Z.npz,2013-10-12T00:00:00Z,banding,115.0,115.0,ibtracs_intensity_rules,17.5,86.5
phailin_2013,phailin_2013_20131012T030000Z.npz,2013-10-12T03:00:00Z,banding,115.0,115.0,ibtracs_intensity_rules,17.8,86.0
phailin_2013,phailin_2013_20131012T060000Z.npz,2013-10-12T06:00:00Z,banding,115.0,115.0,ibtracs_intensity_rules,18.1,85.7
phailin_2013,phailin_2013_20131012T090000Z.npz,2013-10-12T09:00:00Z,banding,115.0,115.0,ibtracs_intensity_rules,18.6,85.4
phailin_2013,phailin_2013_20131012T120000Z.npz,2013-10-12T12:00:00Z,banding,115.0,115.0,ibtracs_intensity_rules,18.7,85.2
phailin_2013,phailin_2013_20131012T150000Z.npz,2013-10-12T15:00:00Z,banding,115.0,115.0,ibtracs_intensity_rules,19.1,85.2
phailin_2013,phailin_2013_20131012T180000Z.npz,2013-10-12T18:00:00Z,shear_affected,100.0,115.0,ibtracs_intensity_rules,19.5,84.8
phailin_2013,phailin_2013_20131012T210000Z.npz,2013-10-12T21:00:00Z,shear_affected,90.0,115.0,ibtracs_intensity_rules,20.0,84.5
phailin_2013,phailin_2013_20131013T000000Z.npz,2013-10-13T00:00:00Z,shear_affected,75.0,100.0,ibtracs_intensity_rules,20.5,84.5
phailin_2013,phailin_2013_20131013T030000Z.npz,2013-10-13T03:00:00Z,shear_affected,55.0,90.0,ibtracs_intensity_rules,21.0,84.0
phailin_2013,phailin_2013_20131013T060000Z.npz,2013-10-13T06:00:00Z,shear_affected,40.0,75.0,ibtracs_intensity_rules,21.5,84.0
phailin_2013,phailin_2013_20131013T090000Z.npz,2013-10-13T09:00:00Z,shear_affected,35.0,55.0,ibtracs_intensity_rules,21.8,83.8
phailin_2013,phailin_2013_20131013T120000Z.npz,2013-10-13T12:00:00Z,curved_band,35.0,40.0,ibtracs_intensity_rules,22.5,83.8
phailin_2013,phailin_2013_20131013T150000Z.npz,2013-10-13T15:00:00Z,disorganized,,35.0,ibtracs_intensity_rules,22.8421,83.6264
phailin_2013,phailin_2013_20131013T180000Z.npz,2013-10-13T18:00:00Z,disorganized,30.0,35.0,ibtracs_intensity_rules,23.0,83.5
phailin_2013,phailin_2013_20131013T210000Z.npz,2013-10-13T21:00:00Z,disorganized,,,ibtracs_intensity_rules,23.2127,83.7123
phailin_2013,phailin_2013_20131014T000000Z.npz,2013-10-14T00:00:00Z,disorganized,30.0,30.0,ibtracs_intensity_rules,23.5,84.0
tauktae_2021,tauktae_2021_20210513T000000Z.npz,2021-05-13T00:00:00Z,disorganized,,,ibtracs_intensity_rules,,
tauktae_2021,tauktae_2021_20210513T030000Z.npz,2021-05-13T03:00:00Z,disorganized,,,ibtracs_intensity_rules,,
tauktae_2021,tauktae_2021_20210513T060000Z.npz,2021-05-13T06:00:00Z,disorganized,,,ibtracs_intensity_rules,10.0,70.9
tauktae_2021,tauktae_2021_20210513T090000Z.npz,2021-05-13T09:00:00Z,disorganized,,,ibtracs_intensity_rules,10.0925,71.1225
tauktae_2021,tauktae_2021_20210513T120000Z.npz,2021-05-13T12:00:00Z,disorganized,,,ibtracs_intensity_rules,10.2,71.3
tauktae_2021,tauktae_2021_20210513T150000Z.npz,2021-05-13T15:00:00Z,disorganized,,,ibtracs_intensity_rules,10.335,71.4075
tauktae_2021,tauktae_2021_20210513T180000Z.npz,2021-05-13T18:00:00Z,disorganized,,,ibtracs_intensity_rules,10.5,71.5
tauktae_2021,tauktae_2021_20210513T210000Z.npz,2021-05-13T21:00:00Z,disorganized,,,ibtracs_intensity_rules,10.6925,71.6425
tauktae_2021,tauktae_2021_20210514T000000Z.npz,2021-05-14T00:00:00Z,disorganized,,,ibtracs_intensity_rules,10.9,71.8
tauktae_2021,tauktae_2021_20210514T030000Z.npz,2021-05-14T03:00:00Z,disorganized,25.0,,ibtracs_intensity_rules,10.5,72.3
tauktae_2021,tauktae_2021_20210514T060000Z.npz,2021-05-14T06:00:00Z,disorganized,25.0,,ibtracs_intensity_rules,11.0,72.5
tauktae_2021,tauktae_2021_20210514T090000Z.npz,2021-05-14T09:00:00Z,disorganized,30.0,25.0,ibtracs_intensity_rules,11.5,72.5
tauktae_2021,tauktae_2021_20210514T120000Z.npz,2021-05-14T12:00:00Z,disorganized,30.0,25.0,ibtracs_intensity_rules,11.6,72.6
tauktae_2021,tauktae_2021_20210514T150000Z.npz,2021-05-14T15:00:00Z,disorganized,,30.0,ibtracs_intensity_rules,11.9187,72.6188
tauktae_2021,tauktae_2021_20210514T180000Z.npz,2021-05-14T18:00:00Z,curved_band,35.0,30.0,ibtracs_intensity_rules,12.2,72.6
tauktae_2021,tauktae_2021_20210514T210000Z.npz,2021-05-14T21:00:00Z,curved_band,40.0,,ibtracs_intensity_rules,12.2,72.6
tauktae_2021,tauktae_2021_20210515T000000Z.npz,2021-05-15T00:00:00Z,curved_band,40.0,35.0,ibtracs_intensity_rules,12.7,72.5
tauktae_2021,tauktae_2021_20210515T030000Z.npz,2021-05-15T03:00:00Z,curved_band,40.0,40.0,ibtracs_intensity_rules,12.8,72.5
tauktae_2021,tauktae_2021_20210515T060000Z.npz,2021-05-15T06:00:00Z,curved_band,45.0,40.0,ibtracs_intensity_rules,13.2,72.6
tauktae_2021,tauktae_2021_20210515T090000Z.npz,2021-05-15T09:00:00Z,curved_band,45.0,40.0,ibtracs_intensity_rules,13.5,72.7
tauktae_2021,tauktae_2021_20210515T120000Z.npz,2021-05-15T12:00:00Z,curved_band,55.0,45.0,ibtracs_intensity_rules,13.8,72.7
tauktae_2021,tauktae_2021_20210515T150000Z.npz,2021-05-15T15:00:00Z,curved_band,55.0,45.0,ibtracs_intensity_rules,14.2,72.7
tauktae_2021,tauktae_2021_20210515T180000Z.npz,2021-05-15T18:00:00Z,curved_band,60.0,55.0,ibtracs_intensity_rules,14.5,72.6
tauktae_2021,tauktae_2021_20210515T210000Z.npz,2021-05-15T21:00:00Z,curved_band,60.0,55.0,ibtracs_intensity_rules,14.7,72.7
tauktae_2021,tauktae_2021_20210516T000000Z.npz,2021-05-16T00:00:00Z,banding,65.0,60.0,ibtracs_intensity_rules,15.0,72.7
tauktae_2021,tauktae_2021_20210516T030000Z.npz,2021-05-16T03:00:00Z,banding,70.0,60.0,ibtracs_intensity_rules,15.3,72.7
tauktae_2021,tauktae_2021_20210516T060000Z.npz,2021-05-16T06:00:00Z,banding,70.0,65.0,ibtracs_intensity_rules,15.7,72.7
tauktae_2021,tauktae_2021_20210516T090000Z.npz,2021-05-16T09:00:00Z,banding,70.0,70.0,ibtracs_intensity_rules,16.2,72.6
tauktae_2021,tauktae_2021_20210516T120000Z.npz,2021-05-16T12:00:00Z,banding,75.0,70.0,ibtracs_intensity_rules,16.7,72.5
tauktae_2021,tauktae_2021_20210516T150000Z.npz,2021-05-16T15:00:00Z,banding,80.0,70.0,ibtracs_intensity_rules,17.2,72.3
tauktae_2021,tauktae_2021_20210516T180000Z.npz,2021-05-16T18:00:00Z,banding,85.0,75.0,ibtracs_intensity_rules,17.5,72.0
tauktae_2021,tauktae_2021_20210516T210000Z.npz,2021-05-16T21:00:00Z,banding,90.0,80.0,ibtracs_intensity_rules,18.0,71.7
tauktae_2021,tauktae_2021_20210517T000000Z.npz,2021-05-17T00:00:00Z,banding,100.0,85.0,ibtracs_intensity_rules,18.5,71.5
tauktae_2021,tauktae_2021_20210517T030000Z.npz,2021-05-17T03:00:00Z,banding,100.0,90.0,ibtracs_intensity_rules,18.8,71.5
tauktae_2021,tauktae_2021_20210517T060000Z.npz,2021-05-17T06:00:00Z,banding,100.0,100.0,ibtracs_intensity_rules,19.2,71.4
tauktae_2021,tauktae_2021_20210517T090000Z.npz,2021-05-17T09:00:00Z,banding,100.0,100.0,ibtracs_intensity_rules,19.6,71.4
tauktae_2021,tauktae_2021_20210517T120000Z.npz,2021-05-17T12:00:00Z,banding,95.0,100.0,ibtracs_intensity_rules,20.1,71.3
tauktae_2021,tauktae_2021_20210517T150000Z.npz,2021-05-17T15:00:00Z,banding,90.0,100.0,ibtracs_intensity_rules,20.5,71.2
tauktae_2021,tauktae_2021_20210517T180000Z.npz,2021-05-17T18:00:00Z,banding,85.0,95.0,ibtracs_intensity_rules,20.9,71.1
tauktae_2021,tauktae_2021_20210517T210000Z.npz,2021-05-17T21:00:00Z,shear_affected,75.0,90.0,ibtracs_intensity_rules,21.3,71.2
tauktae_2021,tauktae_2021_20210518T000000Z.npz,2021-05-18T00:00:00Z,shear_affected,65.0,85.0,ibtracs_intensity_rules,21.5,71.2
tauktae_2021,tauktae_2021_20210518T030000Z.npz,2021-05-18T03:00:00Z,shear_affected,55.0,75.0,ibtracs_intensity_rules,21.6,71.3
tauktae_2021,tauktae_2021_20210518T060000Z.npz,2021-05-18T06:00:00Z,shear_affected,45.0,65.0,ibtracs_intensity_rules,22.0,71.5
tauktae_2021,tauktae_2021_20210518T090000Z.npz,2021-05-18T09:00:00Z,shear_affected,40.0,55.0,ibtracs_intensity_rules,22.5,71.8
tauktae_2021,tauktae_2021_20210518T120000Z.npz,2021-05-18T12:00:00Z,curved_band,35.0,45.0,ibtracs_intensity_rules,23.1,72.3
tauktae_2021,tauktae_2021_20210518T150000Z.npz,2021-05-18T15:00:00Z,disorganized,30.0,40.0,ibtracs_intensity_rules,23.6,72.6
tauktae_2021,tauktae_2021_20210518T180000Z.npz,2021-05-18T18:00:00Z,disorganized,30.0,35.0,ibtracs_intensity_rules,24.1,73.0
tauktae_2021,tauktae_2021_20210518T210000Z.npz,2021-05-18T21:00:00Z,disorganized,,30.0,ibtracs_intensity_rules,24.3185,73.1507
tauktae_2021,tauktae_2021_20210519T000000Z.npz,2021-05-19T00:00:00Z,disorganized,25.0,30.0,ibtracs_intensity_rules,24.5,73.3
