event_id,timestamp,source_file,npz_path,tensor_shape,channels,nan_percentage,min_value,max_value,status,reason
amphan_2020,2020-05-16T00:00:00Z,amphan_2020_20200516T000000Z.nc,D:\PROJECTS\SIH26\data\normalized\amphan_2020\frames\amphan_2020_20200516T000000Z.npz,"(2, 286, 214)","ir,wv",0.0,0.0,1.0,PASS,
amphan_2020,2020-05-16T03:00:00Z,amphan_2020_20200516T030000Z.nc,D:\PROJECTS\SIH26\data\normalized\amphan_2020\frames\amphan_2020_20200516T030000Z.npz,"(2, 286, 214)","ir,wv",0.0,0.0,1.0,PASS,
amphan_2020,2020-05-16T06:00:00Z,amphan_2020_20200516T060000Z.nc,D:\PROJECTS\SIH26\data\normalized\amphan_2020\frames\amphan_2020_20200516T060000Z.npz,"(2, 286, 214)","ir,wv",0.0,0.0,1.0,PASS,
amphan_2020,2020-05-16T09:00:00Z,amphan_2020_20200516T090000Z.nc,D:\PROJECTS\SIH26\data\normalized\amphan_2020\frames\amphan_2020_20200516T090000Z.npz,"(2, 286, 214)","ir,wv",0.0,0.0,1.0,PASS,
amphan_2020,2020-05-16T12:00:00Z,amphan_2020_20200516T120000Z.nc,D:\PROJECTS\SIH26\data\normalized\amphan_2020\frames\amphan_2020_20200516T120000Z.npz,"(2, 286, 214)","ir,wv",0.0,0.0,1.0,PASS,
amphan_2020,2020-05-16T15:00:00Z,amphan_2020_20200516T150000Z.nc,D:\PROJECTS\SIH26\data\normalized\amphan_2020\frames\amphan_2020_20200516T150000Z.npz,"(2, 286, 214)","ir,wv",0.0,0.0,1.0,PASS,
amphan_2020,2020-05-16T18:00:00Z,amphan_2020_20200516T180000Z.nc,D:\PROJECTS\SIH26\data\normalized\amphan_2020\frames\amphan_2020_20200516T180000Z.npz,"(2, 286, 214)","ir,wv",0.0,0.0,1.0,PASS,
amphan_2020,2020-05-16T21:00:00Z,amphan_2020_20200516T210000Z.nc,D:\PROJECTS\SIH26\data\normalized\amphan_2020\frames\amphan_2020_20200516T210000Z.npz,"(2, 286, 214)","ir,wv",0.0,0.0,1.0,PASS,
amphan_2020,2020-05-17T00:00:00Z,amphan_2020_20200517T000000Z.nc,D:\PROJECTS\SIH26\data\normalized\amphan_2020\frames\amphan_2020_20200517T000000Z.npz,"(2, 286, 214)","ir,wv",0.0,0.0,1.0,PASS,
amphan_2020,2020-05-17T03:00:00Z,amphan_2020_20200517T030000Z.nc,D:\PROJECTS\SIH26\data\normalized\amphan_2020\frames\amphan_2020_20200517T030000Z.npz,"(2, 286, 214)","ir,wv",0.0,0.0,1.0,PASS,
amphan_2020,2020-05-17T06:00:00Z,amphan_2020_20200517T060000Z.nc,D:\PROJECTS\SIH26\data\normalized\amphan_2020\frames\amphan_2020_20200517T060000Z.npz,"(2, 286, 214)","ir,wv",0.0,0.0,1.0,PASS,
amphan_2020,2020-05-17T09:00:00Z,amphan_2020_20200517T090000Z.nc,D:\PROJECTS\SIH26\data\normalized\amphan_2020\frames\amphan_2020_20200517T090000Z.npz,"(2, 286, 214)","ir,wv",0.0,0.0,1.0,PASS,
amphan_2020,2020-05-17T12:00:00Z,amphan_2020_20200517T120000Z.nc,D:\PROJECTS\SIH26\data\normalized\amphan_2020\frames\amphan_2020_20200517T120000Z.npz,"(2, 286, 214)","ir,wv",0.0,0.0,1.0,PASS,
amphan_2020,2020-05-17T15:00:00Z,amphan_2020_20200517T150000Z.nc,D:\PROJECTS\SIH26\data\normalized\amphan_2020\frames\amphan_2020_20200517T150000Z.npz,"(2, 286, 214)","ir,wv",0.0,0.0,1.0,PASS,
amphan_2020,2020-05-17T18:00:00Z,amphan_2020_20200517T180000Z.nc,D:\PROJECTS\SIH26\data\normalized\amphan_2020\frames\amphan_2020_20200517T180000Z.npz,"(2, 286, 214)","ir,wv",0.0,0.0,1.0,PASS,
amphan_2020,2020-05-17T21:00:00Z,amphan_2020_20200517T210000Z.nc,D:\PROJECTS\SIH26\data\normalized\amphan_2020\frames\amphan_2020_20200517T210000Z.npz,"(2, 286, 214)","ir,wv",0.0,0.0,1.0,PASS,
amphan_2020,2020-05-18T00:00:00Z,amphan_2020_20200518T000000Z.nc,D:\PROJECTS\SIH26\data\normalized\amphan_2020\frames\amphan_2020_20200518T000000Z.npz,"(2, 286, 214)","ir,wv",0.0,0.0,1.0,PASS,
amphan_2020,2020-05-18T03:00:00Z,amphan_2020_20200518T030000Z.nc,D:\PROJECTS\SIH26\data\normalized\amphan_2020\frames\amphan_2020_20200518T030000Z.npz,"(2, 286, 214)","ir,wv",0.0,0.0,1.0,PASS,
amphan_2020,2020-05-18T06:00:00Z,amphan_2020_20200518T060000Z.nc,D:\PROJECTS\SIH26\data\normalized\amphan_2020\frames\amphan_2020_20200518T060000Z.npz,"(2, 286, 214)","ir,wv",0.0,0.0,1.0,PASS,
amphan_2020,2020-05-18T09:00:00Z,amphan_2020_20200518T090000Z.nc,D:\PROJECTS\SIH26\data\normalized\amphan_2020\frames\amphan_2020_20200518T090000Z.npz,"(2, 286, 214)","ir,wv",0.0,0.0,1.0,PASS,
amphan_2020,2020-05-18T12:00:00Z,amphan_2020_20200518T120000Z.nc,D:\PROJECTS\SIH26\data\normalized\amphan_2020\frames\amphan_2020_20200518T120000Z.npz,"(2, 286, 214)","ir,wv",0.0,0.0,1.0,PASS,
amphan_2020,2020-05-18T15:00:00Z,amphan_2020_20200518T150000Z.nc,D:\PROJECTS\SIH26\data\normalized\amphan_2020\frames\amphan_2020_20200518T150000Z.npz,"(2, 286, 214)","ir,wv",0.0,0.0,1.0,PASS,
amphan_2020,2020-05-18T18:00:00Z,amphan_2020_20200518T180000Z.nc,D:\PROJECTS\SIH26\data\normalized\amphan_2020\frames\amphan_2020_20200518T180000Z.npz,"(2, 286, 214)","ir,wv",0.0,0.0,1.0,PASS,
amphan_2020,2020-05-18T21:00:00Z,amphan_2020_20200518T210000Z.nc,D:\PROJECTS\SIH26\data\normalized\amphan_2020\frames\amphan_2020_20200518T210000Z.npz,"(2, 286, 214)","ir,wv",0.0,0.0,1.0,PASS,
amphan_2020,2020-05-19T00:00:00Z,amphan_2020_20200519T000000Z.nc,D:\PROJECTS\SIH26\data\normalized\amphan_2020\frames\amphan_2020_20200519T000000Z.npz,"(2, 286, 214)","ir,wv",0.0,0.0,1.0,PASS,
amphan_2020,2020-05-19T03:00:00Z,amphan_2020_20200519T030000Z.nc,D:\PROJECTS\SIH26\data\normalized\amphan_2020\frames\amphan_2020_20200519T030000Z.npz,"(2, 286, 214)","ir,wv",0.0,0.0,1.0,PASS,
amphan_2020,2020-05-19T06:00:00Z,amphan_2020_20200519T060000Z.nc,D:\PROJECTS\SIH26\data\normalized\amphan_2020\frames\amphan_2020_20200519T060000Z.npz,"(2, 286, 214)","ir,wv",0.0,0.0,1.0,PASS,
amphan_2020,2020-05-19T09:00:00Z,amphan_2020_20200519T090000Z.nc,D:\PROJECTS\SIH26\data\normalized\amphan_2020\frames\amphan_2020_20200519T090000Z.npz,"(2, 286, 214)","ir,wv",0.0,0.0,1.0,PASS,
amphan_2020,2020-05-19T12:00:00Z,amphan_2020_20200519T120000Z.nc,D:\PROJECTS\SIH26\data\normalized\amphan_2020\frames\amphan_2020_20200519T120000Z.npz,"(2, 286, 214)","ir,wv",0.0,0.0,1.0,PASS,
amphan_2020,2020-05-19T15:00:00Z,amphan_2020_20200519T150000Z.nc,D:\PROJECTS\SIH26\data\normalized\amphan_2020\frames\amphan_2020_20200519T150000Z.npz,"(2, 286, 214)","ir,wv",0.0,0.0,1.0,PASS,
amphan_2020,2020-05-19T18:00:00Z,amphan_2020_20200519T180000Z.nc,D:\PROJECTS\SIH26\data\normalized\amphan_2020\frames\amphan_2020_20200519T180000Z.npz,"(2, 286, 214)","ir,wv",0.0,0.0,1.0,PASS,
amphan_2020,2020-05-19T21:00:00Z,amphan_2020_20200519T210000Z.nc,D:\PROJECTS\SIH26\data\normalized\amphan_2020\frames\amphan_2020_20200519T210000Z.npz,"(2, 286, 214)","ir,wv",0.0,0.0,1.0,PASS,
amphan_2020,2020-05-20T00:00:00Z,amphan_2020_20200520T000000Z.nc,D:\PROJECTS\SIH26\data\normalized\amphan_2020\frames\amphan_2020_20200520T000000Z.npz,"(2, 286, 214)","ir,wv",0.0,0.0,1.0,PASS,
amphan_2020,2020-05-20T03:00:00Z,amphan_2020_20200520T030000Z.nc,D:\PROJECTS\SIH26\data\normalized\amphan_2020\frames\amphan_2020_20200520T030000Z.npz,"(2, 286, 214)","ir,wv",0.0,0.0,1.0,PASS,
amphan_2020,2020-05-20T06:00:00Z,amphan_2020_20200520T060000Z.nc,D:\PROJECTS\SIH26\data\normalized\amphan_2020\frames\amphan_2020_20200520T060000Z.npz,"(2, 286, 214)","ir,wv",0.0,0.0,1.0,PASS,
amphan_2020,2020-05-20T09:00:00Z,amphan_2020_20200520T090000Z.nc,D:\PROJECTS\SIH26\data\normalized\amphan_2020\frames\amphan_2020_20200520T090000Z.npz,"(2, 286, 214)","ir,wv",0.0,0.0,1.0,PASS,
amphan_2020,2020-05-20T12:00:00Z,amphan_2020_20200520T120000Z.nc,D:\PROJECTS\SIH26\data\normalized\amphan_2020\frames\amphan_2020_20200520T120000Z.npz,"(2, 286, 214)","ir,wv",0.0,0.0,1.0,PASS,
amphan_2020,2020-05-20T15:00:00Z,amphan_2020_20200520T150000Z.nc,D:\PROJECTS\SIH26\data\normalized\amphan_2020\frames\amphan_2020_20200520T150000Z.npz,"(2, 286, 214)","ir,wv",0.0,0.0,1.0,PASS,
amphan_2020,2020-05-20T18:00:00Z,amphan_2020_20200520T180000Z.nc,D:\PROJECTS\SIH26\data\normalized\amphan_2020\frames\amphan_2020_20200520T180000Z.npz,"(2, 286, 214)","ir,wv",0.0,0.0,1.0,PASS,
amphan_2020,2020-05-20T21:00:00Z,amphan_2020_20200520T210000Z.nc,D:\PROJECTS\SIH26\data\normalized\amphan_2020\frames\amphan_2020_20200520T210000Z.npz,"(2, 286, 214)","ir,wv",0.0,0.0,1.0,PASS,
amphan_2020,2020-05-21T00:00:00Z,amphan_2020_20200521T000000Z.nc,D:\PROJECTS\SIH26\data\normalized\amphan_2020\frames\amphan_2020_20200521T000000Z.npz,"(2, 286, 214)","ir,wv",0.0,0.0,1.0,PASS,
biparjoy_2023,2023-06-06T00:00:00Z,biparjoy_2023_20230606T000000Z.nc,D:\PROJECTS\SIH26\data\normalized\biparjoy_2023\frames\biparjoy_2023_20230606T000000Z.npz,"(2, 286, 357)","ir,wv",0.0,0.0,1.0,PASS,
biparjoy_2023,2023-06-06T03:00:00Z,biparjoy_2023_20230606T030000Z.nc,D:\PROJECTS\SIH26\data\normalized\biparjoy_2023\frames\biparjoy_2023_20230606T030000Z.npz,"(2, 286, 357)","ir,wv",0.0,0.0,1.0,PASS,
biparjoy_2023,2023-06-06T06:00:00Z,biparjoy_2023_20230606T060000Z.nc,D:\PROJECTS\SIH26\data\normalized\biparjoy_2023\frames\biparjoy_2023_20230606T060000Z.npz,"(2, 286, 357)","ir,wv",0.0,0.0,1.0,PASS,
biparjoy_2023,2023-06-06T09:00:00Z,biparjoy_2023_20230606T090000Z.nc,D:\PROJECTS\SIH26\data\normalized\biparjoy_2023\frames\biparjoy_2023_20230606T090000Z.npz,"(2, 286, 357)","ir,wv",0.0,0.0,1.0,PASS,
biparjoy_2023,2023-06-06T12:00:00Z,biparjoy_2023_20230606T120000Z.nc,D:\PROJECTS\SIH26\data\normalized\biparjoy_2023\frames\biparjoy_2023_20230606T120000Z.npz,"(2, 286, 357)","ir,wv",0.0,0.0,1.0,PASS,
biparjoy_2023,2023-06-06T15:00:00Z,biparjoy_2023_20230606T150000Z.nc,D:\PROJECTS\SIH26\data\normalized\biparjoy_2023\frames\biparjoy_2023_20230606T150000Z.npz,"(2, 286, 357)","ir,wv",0.0,0.0,1.0,PASS,
biparjoy_2023,2023-06-06T18:00:00Z,biparjoy_2023_20230606T180000Z.nc,D:\PROJECTS\SIH26\data\normalized\biparjoy_2023\frames\biparjoy_2023_20230606T180000Z.npz,"(2, 286, 357)","ir,wv",0.0,0.0,1.0,PASS,
biparjoy_2023,2023-06-06T21:00:00Z,biparjoy_2023_20230606T210000Z.nc,D:\PROJECTS\SIH26\data\normalized\biparjoy_2023\frames\biparjoy_2023_20230606T210000Z.npz,"(2, 286, 357)","ir,wv",0.0,0.0,1.0,PASS,
biparjoy_2023,2023-06-07T00:00:00Z,biparjoy_2023_20230607T000000Z.nc,D:\PROJECTS\SIH26\data\normalized\biparjoy_2023\frames\biparjoy_2023_20230607T000000Z.npz,"(2, 286, 357)","ir,wv",0.0,0.0,1.0,PASS,
biparjoy_2023,2023-06-07T03:00:00Z,biparjoy_2023_20230607T030000Z.nc,D:\PROJECTS\SIH26\data\normalized\biparjoy_2023\frames\biparjoy_2023_20230607T030000Z.npz,"(2, 286, 357)","ir,wv",0.0,0.0,1.0,PASS,
biparjoy_2023,2023-06-07T06:00:00Z,biparjoy_2023_20230607T060000Z.nc,D:\PROJECTS\SIH26\data\normalized\biparjoy_2023\frames\biparjoy_2023_20230607T060000Z.npz,"(2, 286, 357)","ir,wv",0.0,0.0,1.0,PASS,
biparjoy_2023,2023-06-07T09:00:00Z,biparjoy_2023_20230607T090000Z.nc,D:\PROJECTS\SIH26\data\normalized\biparjoy_2023\frames\biparjoy_2023_20230607T090000Z.npz,"(2, 286, 357)","ir,wv",0.0,0.0,1.0,PASS,
biparjoy_2023,2023-06-07T12:00:00Z,biparjoy_2023_20230607T120000Z.nc,D:\PROJECTS\SIH26\data\normalized\biparjoy_2023\frames\biparjoy_2023_20230607T120000Z.npz,"(2, 286, 357)","ir,wv",0.0,0.0,1.0,PASS,
biparjoy_2023,2023-06-07T15:00:00Z,biparjoy_2023_20230607T150000Z.nc,D:\PROJECTS\SIH26\data\normalized\biparjoy_2023\frames\biparjoy_2023_20230607T150000Z.npz,"(2, 286, 357)","ir,wv",0.0,0.0,1.0,PASS,
biparjoy_2023,2023-06-07T18:00:00Z,biparjoy_2023_20230607T180000Z.nc,D:\PROJECTS\SIH26\data\normalized\biparjoy_2023\frames\biparjoy_2023_20230607T180000Z.npz,"(2, 286, 357)","ir,wv",0.0,0.0,1.0,PASS,
biparjoy_2023,2023-06-07T21:00:00Z,biparjoy_2023_20230607T210000Z.nc,D:\PROJECTS\SIH26\data\normalized\biparjoy_2023\frames\biparjoy_2023_20230607T210000Z.npz,"(2, 286, 357)","ir,wv",0.0,0.0,1.0,PASS,
biparjoy_2023,2023-06-08T00:00:00Z,biparjoy_2023_20230608T000000Z.nc,D:\PROJECTS\SIH26\data\normalized\biparjoy_2023\frames\biparjoy_2023_20230608T000000Z.npz,"(2, 286, 357)","ir,wv",0.0,0.0,1.0,PASS,
biparjoy_2023,2023-06-08T03:00:00Z,biparjoy_2023_20230608T030000Z.nc,D:\PROJECTS\SIH26\data\normalized\biparjoy_2023\frames\biparjoy_2023_20230608T030000Z.npz,"(2, 286, 357)","ir,wv",0.0,0.0,1.0,PASS,
biparjoy_2023,2023-06-08T06:00:00Z,biparjoy_2023_20230608T060000Z.nc,D:\PROJECTS\SIH26\data\normalized\biparjoy_2023\frames\biparjoy_2023_20230608T060000Z.npz,"(2, 286, 357)","ir,wv",0.0,0.0,1.0,PASS,
biparjoy_2023,2023-06-08T09:00:00Z,biparjoy_2023_20230608T090000Z.nc,D:\PROJECTS\SIH26\data\normalized\biparjoy_2023\frames\biparjoy_2023_20230608T090000Z.npz,"(2, 286, 357)","ir,wv",0.0,0.0,1.0,PASS,
biparjoy_2023,2023-06-08T12:00:00Z,biparjoy_2023_20230608T120000Z.nc,D:\PROJECTS\SIH26\data\normalized\biparjoy_2023\frames\biparjoy_2023_20230608T120000Z.npz,"(2, 286, 357)","ir,wv",0.0,0.0,1.0,PASS,
biparjoy_2023,2023-06-08T15:00:00Z,biparjoy_2023_20230608T150000Z.nc,D:\PROJECTS\SIH26\data\normalized\biparjoy_2023\frames\biparjoy_2023_20230608T150000Z.npz,"(2, 286, 357)","ir,wv",0.0,0.0,1.0,PASS,
biparjoy_2023,2023-06-08T18:00:00Z,biparjoy_2023_20230608T180000Z.nc,D:\PROJECTS\SIH26\data\normalized\biparjoy_2023\frames\biparjoy_2023_20230608T180000Z.npz,"(2, 286, 357)","ir,wv",0.0,0.0,1.0,PASS,
biparjoy_2023,2023-06-08T21:00:00Z,biparjoy_2023_20230608T210000Z.nc,D:\PROJECTS\SIH26\data\normalized\biparjoy_2023\frames\biparjoy_2023_20230608T210000Z.npz,"(2, 286, 357)","ir,wv",0.0,0.0,1.0,PASS,
biparjoy_2023,2023-06-09T00:00:00Z,biparjoy_2023_20230609T000000Z.nc,D:\PROJECTS\SIH26\data\normalized\biparjoy_2023\frames\biparjoy_2023_20230609T000000Z.npz,"(2, 286, 357)","ir,wv",0.0,0.0,1.0,PASS,
biparjoy_2023,2023-06-09T03:00:00Z,biparjoy_2023_20230609T030000Z.nc,D:\PROJECTS\SIH26\data\normalized\biparjoy_2023\frames\biparjoy_2023_20230609T030000Z.npz,"(2, 286, 357)","ir,wv",0.0,0.0,1.0,PASS,
biparjoy_2023,2023-06-09T06:00:00Z,biparjoy_2023_20230609T060000Z.nc,D:\PROJECTS\SIH26\data\normalized\biparjoy_2023\frames\biparjoy_2023_20230609T060000Z.npz,"(2, 286, 357)","ir,wv",0.0,0.0,1.0,PASS,
biparjoy_2023,2023-06-09T09:00:00Z,biparjoy_2023_20230609T090000Z.nc,D:\PROJECTS\SIH26\data\normalized\biparjoy_2023\frames\biparjoy_2023_20230609T090000Z.npz,"(2, 286, 357)","ir,wv",0.0,0.0,1.0,PASS,
biparjoy_2023,2023-06-09T12:00:00Z,biparjoy_2023_20230609T120000Z.nc,D:\PROJECTS\SIH26\data\normalized\biparjoy_2023\frames\biparjoy_2023_20230609T120000Z.npz,"(2, 286, 357)","ir,wv",0.0,0.0,1.0,PASS,
biparjoy_2023,2023-06-09T15:00:00Z,biparjoy_2023_20230609T150000Z.nc,D:\PROJECTS\SIH26\data\normalized\biparjoy_2023\frames\biparjoy_2023_20230609T150000Z.npz,"(2, 286, 357)","ir,wv",0.0,0.0,1.0,PASS,
biparjoy_2023,2023-06-09T18:00:00Z,biparjoy_2023_20230609T180000Z.nc,D:\PROJECTS\SIH26\data\normalized\biparjoy_2023\frames\biparjoy_2023_20230609T180000Z.npz,"(2, 286, 357)","ir,wv",0.0,0.0,1.0,PASS,
biparjoy_2023,2023-06-09T21:00:00Z,biparjoy_2023_20230609T210000Z.nc,D:\PROJECTS\SIH26\data\normalized\biparjoy_2023\frames\biparjoy_2023_20230609T210000Z.npz,"(2, 286, 357)","ir,wv",0.0,0.0,1.0,PASS,
biparjoy_2023,2023-06-10T00:00:00Z,biparjoy_2023_20230610T000000Z.nc,D:\PROJECTS\SIH26\data\normalized\biparjoy_2023\frames\biparjoy_2023_20230610T000000Z.npz,"(2, 286, 357)","ir,wv",0.0,0.0,1.0,PASS,
biparjoy_2023,2023-06-10T03:00:00Z,biparjoy_2023_20230610T030000Z.nc,D:\PROJECTS\SIH26\data\normalized\biparjoy_2023\frames\biparjoy_2023_20230610T030000Z.npz,"(2, 286, 357)","ir,wv",0.0,0.0,1.0,PASS,
biparjoy_2023,2023-06-10T06:00:00Z,biparjoy_2023_20230610T060000Z.nc,D:\PROJECTS\SIH26\data\normalized\biparjoy_2023\frames\biparjoy_2023_20230610T060000Z.npz,"(2, 286, 357)","ir,wv",0.0,0.0,1.0,PASS,
biparjoy_2023,2023-06-10T09:00:00Z,biparjoy_2023_20230610T090000Z.nc,D:\PROJECTS\SIH26\data\normalized\biparjoy_2023\frames\biparjoy_2023_20230610T090000Z.npz,"(2, 286, 357)","ir,wv",0.0,0.0,1.0,PASS,
biparjoy_2023,2023-06-10T12:00:00Z,biparjoy_2023_20230610T120000Z.nc,D:\PROJECTS\SIH26\data\normalized\biparjoy_2023\frames\biparjoy_2023_20230610T120000Z.npz,"(2, 286, 357)","ir,wv",0.0,0.0,1.0,PASS,
biparjoy_2023,2023-06-10T15:00:00Z,biparjoy_2023_20230610T150000Z.nc,D:\PROJECTS\SIH26\data\normalized\biparjoy_2023\frames\biparjoy_2023_20230610T150000Z.npz,"(2, 286, 357)","ir,wv",0.0,0.0,1.0,PASS,
biparjoy_2023,2023-06-10T18:00:00Z,biparjoy_2023_20230610T180000Z.nc,D:\PROJECTS\SIH26\data\normalized\biparjoy_2023\frames\biparjoy_2023_20230610T180000Z.npz,"(2, 286, 357)","ir,wv",0.0,0.0,1.0,PASS,
biparjoy_2023,2023-06-10T21:00:00Z,biparjoy_2023_20230610T210000Z.nc,D:\PROJECTS\SIH26\data\normalized\biparjoy_2023\frames\biparjoy_2023_20230610T210000Z.npz,"(2, 286, 357)","ir,wv",0.0,0.0,1.0,PASS,
biparjoy_2023,2023-06-11T00:00:00Z,biparjoy_2023_20230611T000000Z.nc,D:\PROJECTS\SIH26\data\normalized\biparjoy_2023\frames\biparjoy_2023_20230611T000000Z.npz,"(2, 286, 357)","ir,wv",0.0,0.0,1.0,PASS,
biparjoy_2023,2023-06-11T03:00:00Z,biparjoy_2023_20230611T030000Z.nc,D:\PROJECTS\SIH26\data\normalized\biparjoy_2023\frames\biparjoy_2023_20230611T030000Z.npz,"(2, 286, 357)","ir,wv",0.0,0.0,1.0,PASS,
biparjoy_2023,2023-06-11T06:00:00Z,biparjoy_2023_20230611T060000Z.nc,D:\PROJECTS\SIH26\data\normalized\biparjoy_2023\frames\biparjoy_2023_20230611T060000Z.npz,"(2, 286, 357)","ir,wv",0.0,0.0,1.0,PASS,
biparjoy_2023,2023-06-11T09:00:00Z,biparjoy_2023_20230611T090000Z.nc,D:\PROJECTS\SIH26\data\normalized\biparjoy_2023\frames\biparjoy_2023_20230611T090000Z.npz,"(2, 286, 357)","ir,wv",0.0,0.0,1.0,PASS,
biparjoy_2023,2023-06-11T12:00:00Z,biparjoy_2023_20230611T120000Z.nc,D:\PROJECTS\SIH26\data\normalized\biparjoy_2023\frames\biparjoy_2023_20230611T120000Z.npz,"(2, 286, 357)","ir,wv",0.0,0.0,1.0,PASS,
biparjoy_2023,2023-06-11T15:00:00Z,biparjoy_2023_20230611T150000Z.nc,D:\PROJECTS\SIH26\data\normalized\biparjoy_2023\frames\biparjoy_2023_20230611T150000Z.npz,"(2, 286, 357)","ir,wv",0.0,0.0,1.0,PASS,
biparjoy_2023,2023-06-11T18:00:00Z,biparjoy_2023_20230611T180000Z.nc,D:\PROJECTS\SIH26\data\normalized\biparjoy_2023\frames\biparjoy_2023_20230611T180000Z.npz,"(2, 286, 357)","ir,wv",0.0,0.0,1.0,PASS,
biparjoy_2023,2023-06-11T21:00:00Z,biparjoy_2023_20230611T210000Z.nc,D:\PROJECTS\SIH26\data\normalized\biparjoy_2023\frames\biparjoy_2023_20230611T210000Z.npz,"(2, 286, 357)","ir,wv",0.0,0.0,1.0,PASS,
biparjoy_2023,2023-06-12T00:00:00Z,biparjoy_2023_20230612T000000Z.nc,D:\PROJECTS\SIH26\data\normalized\biparjoy_2023\frames\biparjoy_2023_20230612T000000Z.npz,"(2, 286, 357)","ir,wv",0.0,0.0,1.0,PASS,
biparjoy_2023,2023-06-12T03:00:00Z,biparjoy_2023_20230612T030000Z.nc,D:\PROJECTS\SIH26\data\normalized\biparjoy_2023\frames\biparjoy_2023_20230612T030000Z.npz,"(2, 286, 357)","ir,wv",0.0,0.0,1.0,PASS,
biparjoy_2023,2023-06-12T06:00:00Z,biparjoy_2023_20230612T060000Z.nc,D:\PROJECTS\SIH26\data\normalized\biparjoy_2023\frames\biparjoy_2023_20230612T060000Z.npz,"(2, 286, 357)","ir,wv",0.0,0.0,1.0,PASS,
biparjoy_2023,2023-06-12T09:00:00Z,biparjoy_2023_20230612T090000Z.nc,D:\PROJECTS\SIH26\data\normalized\biparjoy_2023\frames\biparjoy_2023_20230612T090000Z.npz,"(2, 286, 357)","ir,wv",0.0,0.0,1.0,PASS,
biparjoy_2023,2023-06-12T12:00:00Z,biparjoy_2023_20230612T120000Z.nc,D:\PROJECTS\SIH26\data\normalized\biparjoy_2023\frames\biparjoy_2023_20230612T120000Z.npz,"(2, 286, 357)","ir,wv",0.0,0.0,1.0,PASS,
biparjoy_2023,2023-06-12T15:00:00Z,biparjoy_2023_20230612T150000Z.nc,D:\PROJECTS\SIH26\data\normalized\biparjoy_2023\frames\biparjoy_2023_20230612T150000Z.npz,"(2, 286, 357)","ir,wv",0.0005,0.0,1.0,PASS,
biparjoy_2023,2023-06-12T18:00:00Z,biparjoy_2023_20230612T180000Z.nc,D:\PROJECTS\SIH26\data\normalized\biparjoy_2023\frames\biparjoy_2023_20230612T180000Z.npz,"(2, 286, 357)","ir,wv",0.0,0.0,1.0,PASS,
biparjoy_2023,2023-06-12T21:00:00Z,biparjoy_2023_20230612T210000Z.nc,D:\PROJECTS\SIH26\data\normalized\biparjoy_2023\frames\biparjoy_2023_20230612T210000Z.npz,"(2, 286, 357)","ir,wv",0.0,0.0,1.0,PASS,
biparjoy_2023,2023-06-13T00:00:00Z,biparjoy_2023_20230613T000000Z.nc,D:\PROJECTS\SIH26\data\normalized\biparjoy_2023\frames\biparjoy_2023_20230613T000000Z.npz,"(2, 286, 357)","ir,wv",0.0,0.0,1.0,PASS,
biparjoy_2023,2023-06-13T03:00:00Z,biparjoy_2023_20230613T030000Z.nc,D:\PROJECTS\SIH26\data\normalized\biparjoy_2023\frames\biparjoy_2023_20230613T030000Z.npz,"(2, 286, 357)","ir,wv",0.0,0.0,1.0,PASS,
biparjoy_2023,2023-06-13T06:00:00Z,biparjoy_2023_20230613T060000Z.nc,D:\PROJECTS\SIH26\data\normalized\biparjoy_2023\frames\biparjoy_2023_20230613T060000Z.npz,"(2, 286, 357)","ir,wv",0.0,0.0,1.0,PASS,
biparjoy_2023,2023-06-13T09:00:00Z,biparjoy_2023_20230613T090000Z.nc,D:\PROJECTS\SIH26\data\normalized\biparjoy_2023\frames\biparjoy_2023_20230613T090000Z.npz,"(2, 286, 357)","ir,wv",0.0,0.0,1.0,PASS,
biparjoy_2023,2023-06-13T12:00:00Z,biparjoy_2023_20230613T120000Z.nc,D:\PROJECTS\SIH26\data\normalized\biparjoy_2023\frames\biparjoy_2023_20230613T120000Z.npz,"(2, 286, 357)","ir,wv",0.0,0.0,1.0,PASS,
biparjoy_2023,2023-06-13T15:00:00Z,biparjoy_2023_20230613T150000Z.nc,D:\PROJECTS\SIH26\data\normalized\biparjoy_2023\frames\biparjoy_2023_20230613T150000Z.npz,"(2, 286, 357)","ir,wv",0.0,0.0,1.0,PASS,
biparjoy_2023,2023-06-13T18:00:00Z,biparjoy_2023_20230613T180000Z.nc,D:\PROJECTS\SIH26\data\normalized\biparjoy_2023\frames\biparjoy_2023_20230613T180000Z.npz,"(2, 286, 357)","ir,wv",0.0,0.0,1.0,PASS,
biparjoy_2023,2023-06-13T21:00:00Z,biparjoy_2023_20230613T210000Z.nc,D:\PROJECTS\SIH26\data\normalized\biparjoy_2023\frames\biparjoy_2023_20230613T210000Z.npz,"(2, 286, 357)","ir,wv",0.0,0.0,1.0,PASS,
biparjoy_2023,2023-06-14T00:00:00Z,biparjoy_2023_20230614T000000Z.nc,D:\PROJECTS\SIH26\data\normalized\biparjoy_2023\frames\biparjoy_2023_20230614T000000Z.npz,"(2, 286, 357)","ir,wv",0.0,0.0,1.0,PASS,
biparjoy_2023,2023-06-14T03:00:00Z,biparjoy_2023_20230614T030000Z.nc,D:\PROJECTS\SIH26\data\normalized\biparjoy_2023\frames\biparjoy_2023_20230614T030000Z.npz,"(2, 286, 357)","ir,wv",0.0,0.0,1.0,PASS,
biparjoy_2023,2023-06-14T06:00:00Z,biparjoy_2023_20230614T060000Z.nc,D:\PROJECTS\SIH26\data\normalized\biparjoy_2023\frames\biparjoy_2023_20230614T060000Z.npz,"(2, 286, 357)","ir,wv",0.0,0.0,1.0,PASS,
biparjoy_2023,2023-06-14T09:00:00Z,biparjoy_2023_20230614T090000Z.nc,D:\PROJECTS\SIH26\data\normalized\biparjoy_2023\frames\biparjoy_2023_20230614T090000Z.npz,"(2, 286, 357)","ir,wv",0.0,0.0,1.0,PASS,
biparjoy_2023,2023-06-14T12:00:00Z,biparjoy_2023_20230614T120000Z.nc,D:\PROJECTS\SIH26\data\normalized\biparjoy_2023\frames\biparjoy_2023_20230614T120000Z.npz,"(2, 286, 357)","ir,wv",0.0,0.0,1.0,PASS,
biparjoy_2023,2023-06-14T15:00:00Z,biparjoy_2023_20230614T150000Z.nc,D:\PROJECTS\SIH26\data\normalized\biparjoy_2023\frames\biparjoy_2023_20230614T150000Z.npz,"(2, 286, 357)","ir,wv",0.0,0.0,1.0,PASS,
biparjoy_2023,2023-06-14T18:00:00Z,biparjoy_2023_20230614T180000Z.nc,D:\PROJECTS\SIH26\data\normalized\biparjoy_2023\frames\biparjoy_2023_20230614T180000Z.npz,"(2, 286, 357)","ir,wv",0.0,0.0,1.0,PASS,
biparjoy_2023,2023-06-14T21:00:00Z,biparjoy_2023_20230614T210000Z.nc,D:\PROJECTS\SIH26\data\normalized\biparjoy_2023\frames\biparjoy_2023_20230614T210000Z.npz,"(2, 286, 357)","ir,wv",0.0,0.0,1.0,PASS,
biparjoy_2023,2023-06-15T00:00:00Z,biparjoy_2023_20230615T000000Z.nc,D:\PROJECTS\SIH26\data\normalized\biparjoy_2023\frames\biparjoy_2023_20230615T000000Z.npz,"(2, 286, 357)","ir,wv",0.0,0.0,1.0,PASS,
biparjoy_2023,2023-06-15T03:00:00Z,biparjoy_2023_20230615T030000Z.nc,D:\PROJECTS\SIH26\data\normalized\biparjoy_2023\frames\biparjoy_2023_20230615T030000Z.npz,"(2, 286, 357)","ir,wv",0.0,0.0,1.0,PASS,
biparjoy_2023,2023-06-15T06:00:00Z,biparjoy_2023_20230615T060000Z.nc,D:\PROJECTS\SIH26\data\normalized\biparjoy_2023\frames\biparjoy_2023_20230615T060000Z.npz,"(2, 286, 357)","ir,wv",0.0,0.0,1.0,PASS,
biparjoy_2023,2023-06-15T09:00:00Z,biparjoy_2023_20230615T090000Z.nc,D:\PROJECTS\SIH26\data\normalized\biparjoy_2023\frames\biparjoy_2023_20230615T090000Z.npz,"(2, 286, 357)","ir,wv",0.0,0.0,1.0,PASS,
biparjoy_2023,2023-06-15T12:00:00Z,biparjoy_2023_20230615T120000Z.nc,D:\PROJECTS\SIH26\data\normalized\biparjoy_2023\frames\biparjoy_2023_20230615T120000Z.npz,"(2, 286, 357)","ir,wv",0.0,0.0,1.0,PASS,
biparjoy_2023,2023-06-15T15:00:00Z,biparjoy_2023_20230615T150000Z.nc,D:\PROJECTS\SIH26\data\normalized\biparjoy_2023\frames\biparjoy_2023_20230615T150000Z.npz,"(2, 286, 357)","ir,wv",0.0,0.0,1.0,PASS,
biparjoy_2023,2023-06-15T18:00:00Z,biparjoy_2023_20230615T180000Z.nc,D:\PROJECTS\SIH26\data\normalized\biparjoy_2023\frames\biparjoy_2023_20230615T180000Z.npz,"(2, 286, 357)","ir,wv",0.0,0.0,1.0,PASS,
biparjoy_2023,2023-06-15T21:00:00Z,biparjoy_2023_20230615T210000Z.nc,D:\PROJECTS\SIH26\data\normalized\biparjoy_2023\frames\biparjoy_2023_20230615T210000Z.npz,"(2, 286, 357)","ir,wv",0.0,0.0,1.0,PASS,
biparjoy_2023,2023-06-16T00:00:00Z,biparjoy_2023_20230616T000000Z.nc,D:\PROJECTS\SIH26\data\normalized\biparjoy_2023\frames\biparjoy_2023_20230616T000000Z.npz,"(2, 286, 357)","ir,wv",0.0,0.0,1.0,PASS,
fani_2019,2019-04-25T00:00:00Z,fani_2019_20190425T000000Z.nc,D:\PROJECTS\SIH26\data\normalized\fani_2019\frames\fani_2019_20190425T000000Z.npz,"(2, 286, 214)","ir,wv",0.0,0.0,1.0,PASS,
fani_2019,2019-04-25T03:00:00Z,fani_2019_20190425T030000Z.nc,D:\PROJECTS\SIH26\data\normalized\fani_2019\frames\fani_2019_20190425T030000Z.npz,"(2, 286, 214)","ir,wv",0.0,0.0,1.0,PASS,
fani_2019,2019-04-25T06:00:00Z,fani_2019_20190425T060000Z.nc,D:\PROJECTS\SIH26\data\normalized\fani_2019\frames\fani_2019_20190425T060000Z.npz,"(2, 286, 214)","ir,wv",0.0,0.0,1.0,PASS,
fani_2019,2019-04-25T09:00:00Z,fani_2019_20190425T090000Z.nc,D:\PROJECTS\SIH26\data\normalized\fani_2019\frames\fani_2019_20190425T090000Z.npz,"(2, 286, 214)","ir,wv",0.0,0.0,1.0,PASS,
fani_2019,2019-04-25T12:00:00Z,fani_2019_20190425T120000Z.nc,D:\PROJECTS\SIH26\data\normalized\fani_2019\frames\fani_2019_20190425T120000Z.npz,"(2, 286, 214)","ir,wv",0.0,0.0,1.0,PASS,
fani_2019,2019-04-25T15:00:00Z,fani_2019_20190425T150000Z.nc,D:\PROJECTS\SIH26\data\normalized\fani_2019\frames\fani_2019_20190425T150000Z.npz,"(2, 286, 214)","ir,wv",0.0,0.0,1.0,PASS,
fani_2019,2019-04-25T18:00:00Z,fani_2019_20190425T180000Z.nc,D:\PROJECTS\SIH26\data\normalized\fani_2019\frames\fani_2019_20190425T180000Z.npz,"(2, 286, 214)","ir,wv",0.0,0.0,1.0,PASS,
fani_2019,2019-04-25T21:00:00Z,fani_2019_20190425T210000Z.nc,D:\PROJECTS\SIH26\data\normalized\fani_2019\frames\fani_2019_20190425T210000Z.npz,"(2, 286, 214)","ir,wv",0.0,0.0,1.0,PASS,
fani_2019,2019-04-26T00:00:00Z,fani_2019_20190426T000000Z.nc,D:\PROJECTS\SIH26\data\normalized\fani_2019\frames\fani_2019_20190426T000000Z.npz,"(2, 286, 214)","ir,wv",0.0,0.0,1.0,PASS,
fani_2019,2019-04-26T03:00:00Z,fani_2019_20190426T030000Z.nc,D:\PROJECTS\SIH26\data\normalized\fani_2019\frames\fani_2019_20190426T030000Z.npz,"(2, 286, 214)","ir,wv",0.0,0.0,1.0,PASS,
fani_2019,2019-04-26T06:00:00Z,fani_2019_20190426T060000Z.nc,D:\PROJECTS\SIH26\data\normalized\fani_2019\frames\fani_2019_20190426T060000Z.npz,"(2, 286, 214)","ir,wv",0.0,0.0,1.0,PASS,
fani_2019,2019-04-26T09:00:00Z,fani_2019_20190426T090000Z.nc,D:\PROJECTS\SIH26\data\normalized\fani_2019\frames\fani_2019_20190426T090000Z.npz,"(2, 286, 214)","ir,wv",0.0,0.0,1.0,PASS,
fani_2019,2019-04-26T12:00:00Z,fani_2019_20190426T120000Z.nc,D:\PROJECTS\SIH26\data\normalized\fani_2019\frames\fani_2019_20190426T120000Z.npz,"(2, 286, 214)","ir,wv",0.0,0.0,1.0,PASS,
fani_2019,2019-04-26T15:00:00Z,fani_2019_20190426T150000Z.nc,D:\PROJECTS\SIH26\data\normalized\fani_2019\frames\fani_2019_20190426T150000Z.npz,"(2, 286, 214)","ir,wv",0.0,0.0,1.0,PASS,
fani_2019,2019-04-26T18:00:00Z,fani_2019_20190426T180000Z.nc,D:\PROJECTS\SIH26\data\normalized\fani_2019\frames\fani_2019_20190426T180000Z.npz,"(2, 286, 214)","ir,wv",0.0,0.0,1.0,PASS,
fani_2019,2019-04-26T21:00:00Z,fani_2019_20190426T210000Z.nc,D:\PROJECTS\SIH26\data\normalized\fani_2019\frames\fani_2019_20190426T210000Z.npz,"(2, 286, 214)","ir,wv",0.0,0.0,1.0,PASS,
fani_2019,2019-04-27T00:00:00Z,fani_2019_20190427T000000Z.nc,D:\PROJECTS\SIH26\data\normalized\fani_2019\frames\fani_2019_20190427T000000Z.npz,"(2, 286, 214)","ir,wv",0.0,0.0,1.0,PASS,
fani_2019,2019-04-27T03:00:00Z,fani_2019_20190427T030000Z.nc,D:\PROJECTS\SIH26\data\normalized\fani_2019\frames\fani_2019_20190427T030000Z.npz,"(2, 286, 214)","ir,wv",0.0,0.0,1.0,PASS,
fani_2019,2019-04-27T06:00:00Z,fani_2019_20190427T060000Z.nc,D:\PROJECTS\SIH26\data\normalized\fani_2019\frames\fani_2019_20190427T060000Z.npz,"(2, 286, 214)","ir,wv",0.0,0.0,1.0,PASS,
fani_2019,2019-04-27T09:00:00Z,fani_2019_20190427T090000Z.nc,D:\PROJECTS\SIH26\data\normalized\fani_2019\frames\fani_2019_20190427T090000Z.npz,"(2, 286, 214)","ir,wv",0.0,0.0,1.0,PASS,
fani_2019,2019-04-27T12:00:00Z,fani_2019_20190427T120000Z.nc,D:\PROJECTS\SIH26\data\normalized\fani_2019\frames\fani_2019_20190427T120000Z.npz,"(2, 286, 214)","ir,wv",0.0,0.0,1.0,PASS,
fani_2019,2019-04-27T15:00:00Z,fani_2019_20190427T150000Z.nc,D:\PROJECTS\SIH26\data\normalized\fani_2019\frames\fani_2019_20190427T150000Z.npz,"(2, 286, 214)","ir,wv",0.0,0.0,1.0,PASS,
fani_2019,2019-04-27T18:00:00Z,fani_2019_20190427T180000Z.nc,D:\PROJECTS\SIH26\data\normalized\fani_2019\frames\fani_2019_20190427T180000Z.npz,"(2, 286, 214)","ir,wv",0.0,0.0,1.0,PASS,
fani_2019,2019-04-27T21:00:00Z,fani_2019_20190427T210000Z.nc,D:\PROJECTS\SIH26\data\normalized\fani_2019\frames\fani_2019_20190427T210000Z.npz,"(2, 286, 214)","ir,wv",0.0,0.0,1.0,PASS,
fani_2019,2019-04-28T00:00:00Z,fani_2019_20190428T000000Z.nc,D:\PROJECTS\SIH26\data\normalized\fani_2019\frames\fani_2019_20190428T000000Z.npz,"(2, 286, 214)","ir,wv",0.0,0.0,1.0,PASS,
fani_2019,2019-04-28T03:00:00Z,fani_2019_20190428T030000Z.nc,D:\PROJECTS\SIH26\data\normalized\fani_2019\frames\fani_2019_20190428T030000Z.npz,"(2, 286, 214)","ir,wv",0.0,0.0,1.0,PASS,
fani_2019,2019-04-28T06:00:00Z,fani_2019_20190428T060000Z.nc,D:\PROJECTS\SIH26\data\normalized\fani_2019\frames\fani_2019_20190428T060000Z.npz,"(2, 286, 214)","ir,wv",0.0,0.0,1.0,PASS,
fani_2019,2019-04-28T09:00:00Z,fani_2019_20190428T090000Z.nc,D:\PROJECTS\SIH26\data\normalized\fani_2019\frames\fani_2019_20190428T090000Z.npz,"(2, 286, 214)","ir,wv",0.0,0.0,1.0,PASS,
fani_2019,2019-04-28T12:00:00Z,fani_2019_20190428T120000Z.nc,D:\PROJECTS\SIH26\data\normalized\fani_2019\frames\fani_2019_20190428T120000Z.npz,"(2, 286, 214)","ir,wv",0.0,0.0,1.0,PASS,
fani_2019,2019-04-28T15:00:00Z,fani_2019_20190428T150000Z.nc,D:\PROJECTS\SIH26\data\normalized\fani_2019\frames\fani_2019_20190428T150000Z.npz,"(2, 286, 214)","ir,wv",0.0,0.0,1.0,PASS,
fani_2019,2019-04-28T18:00:00Z,fani_2019_20190428T180000Z.nc,D:\PROJECTS\SIH26\data\normalized\fani_2019\frames\fani_2019_20190428T180000Z.npz,"(2, 286, 214)","ir,wv",0.0,0.0,1.0,PASS,
fani_2019,2019-04-28T21:00:00Z,fani_2019_20190428T210000Z.nc,D:\PROJECTS\SIH26\data\normalized\fani_2019\frames\fani_2019_20190428T210000Z.npz,"(2, 286, 214)","ir,wv",0.0,0.0,1.0,PASS,
fani_2019,2019-04-29T00:00:00Z,fani_2019_20190429T000000Z.nc,D:\PROJECTS\SIH26\data\normalized\fani_2019\frames\fani_2019_20190429T000000Z.npz,"(2, 286, 214)","ir,wv",0.0,0.0,1.0,PASS,
fani_2019,2019-04-29T03:00:00Z,fani_2019_20190429T030000Z.nc,D:\PROJECTS\SIH26\data\normalized\fani_2019\frames\fani_2019_20190429T030000Z.npz,"(2, 286, 214)","ir,wv",0.0,0.0,1.0,PASS,
fani_2019,2019-04-29T06:00:00Z,fani_2019_20190429T060000Z.nc,D:\PROJECTS\SIH26\data\normalized\fani_2019\frames\fani_2019_20190429T060000Z.npz,"(2, 286, 214)","ir,wv",0.0,0.0,1.0,PASS,
fani_2019,2019-04-29T09:00:00Z,fani_2019_20190429T090000Z.nc,D:\PROJECTS\SIH26\data\normalized\fani_2019\frames\fani_2019_20190429T090000Z.npz,"(2, 286, 214)","ir,wv",0.0,0.0,1.0,PASS,
fani_2019,2019-04-29T12:00:00Z,fani_2019_20190429T120000Z.nc,D:\PROJECTS\SIH26\data\normalized\fani_2019\frames\fani_2019_20190429T120000Z.npz,"(2, 286, 214)","ir,wv",0.0,0.0,1.0,PASS,
fani_2019,2019-04-29T15:00:00Z,fani_2019_20190429T150000Z.nc,D:\PROJECTS\SIH26\data\normalized\fani_2019\frames\fani_2019_20190429T150000Z.npz,"(2, 286, 214)","ir,wv",0.0,0.0,1.0,PASS,
fani_2019,2019-04-29T18:00:00Z,fani_2019_20190429T180000Z.nc,D:\PROJECTS\SIH26\data\normalized\fani_2019\frames\fani_2019_20190429T180000Z.npz,"(2, 286, 214)","ir,wv",0.0,0.0,1.0,PASS,
fani_2019,2019-04-29T21:00:00Z,fani_2019_20190429T210000Z.nc,D:\PROJECTS\SIH26\data\normalized\fani_2019\frames\fani_2019_20190429T210000Z.npz,"(2, 286, 214)","ir,wv",0.0,0.0,1.0,PASS,
fani_2019,2019-04-30T00:00:00Z,fani_2019_20190430T000000Z.nc,D:\PROJECTS\SIH26\data\normalized\fani_2019\frames\fani_2019_20190430T000000Z.npz,"(2, 286, 214)","ir,wv",0.0,0.0,1.0,PASS,
fani_2019,2019-04-30T03:00:00Z,fani_2019_20190430T030000Z.nc,D:\PROJECTS\SIH26\data\normalized\fani_2019\frames\fani_2019_20190430T030000Z.npz,"(2, 286, 214)","ir,wv",0.0,0.0,1.0,PASS,
fani_2019,2019-04-30T06:00:00Z,fani_2019_20190430T060000Z.nc,D:\PROJECTS\SIH26\data\normalized\fani_2019\frames\fani_2019_20190430T060000Z.npz,"(2, 286, 214)","ir,wv",0.0,0.0,1.0,PASS,
fani_2019,2019-04-30T09:00:00Z,fani_2019_20190430T090000Z.nc,D:\PROJECTS\SIH26\data\normalized\fani_2019\frames\fani_2019_20190430T090000Z.npz,"(2, 286, 214)","ir,wv",0.0,0.0,1.0,PASS,
fani_2019,2019-04-30T12:00:00Z,fani_2019_20190430T120000Z.nc,D:\PROJECTS\SIH26\data\normalized\fani_2019\frames\fani_2019_20190430T120000Z.npz,"(2, 286, 214)","ir,wv",0.0,0.0,1.0,PASS,
fani_2019,2019-04-30T15:00:00Z,fani_2019_20190430T150000Z.nc,D:\PROJECTS\SIH26\data\normalized\fani_2019\frames\fani_2019_20190430T150000Z.npz,"(2, 286, 214)","ir,wv",0.0,0.0,1.0,PASS,
fani_2019,2019-04-30T18:00:00Z,fani_2019_20190430T180000Z.nc,D:\PROJECTS\SIH26\data\normalized\fani_2019\frames\fani_2019_20190430T180000Z.npz,"(2, 286, 214)","ir,wv",0.0,0.0,1.0,PASS,
fani_2019,2019-04-30T21:00:00Z,fani_2019_20190430T210000Z.nc,D:\PROJECTS\SIH26\data\normalized\fani_2019\frames\fani_2019_20190430T210000Z.npz,"(2, 286, 214)","ir,wv",0.0,0.0,1.0,PASS,
fani_2019,2019-05-01T00:00:00Z,fani_2019_20190501T000000Z.nc,D:\PROJECTS\SIH26\data\normalized\fani_2019\frames\fani_2019_20190501T000000Z.npz,"(2, 286, 214)","ir,wv",0.0,0.0,1.0,PASS,
fani_2019,2019-05-01T03:00:00Z,fani_2019_20190501T030000Z.nc,D:\PROJECTS\SIH26\data\normalized\fani_2019\frames\fani_2019_20190501T030000Z.npz,"(2, 286, 214)","ir,wv",0.0,0.0,1.0,PASS,
fani_2019,2019-05-01T06:00:00Z,fani_2019_20190501T060000Z.nc,D:\PROJECTS\SIH26\data\normalized\fani_2019\frames\fani_2019_20190501T060000Z.npz,"(2, 286, 214)","ir,wv",0.0,0.0,1.0,PASS,
fani_2019,2019-05-01T09:00:00Z,fani_2019_20190501T090000Z.nc,D:\PROJECTS\SIH26\data\normalized\fani_2019\frames\fani_2019_20190501T090000Z.npz,"(2, 286, 214)","ir,wv",0.0,0.0,1.0,PASS,
fani_2019,2019-05-01T12:00:00Z,fani_2019_20190501T120000Z.nc,D:\PROJECTS\SIH26\data\normalized\fani_2019\frames\fani_2019_20190501T120000Z.npz,"(2, 286, 214)","ir,wv",0.0,0.0,1.0,PASS,
fani_2019,2019-05-01T15:00:00Z,fani_2019_20190501T150000Z.nc,D:\PROJECTS\SIH26\data\normalized\fani_2019\frames\fani_2019_20190501T150000Z.npz,"(2, 286, 214)","ir,wv",0.0,0.0,1.0,PASS,
fani_2019,2019-05-01T18:00:00Z,fani_2019_20190501T180000Z.nc,D:\PROJECTS\SIH26\data\normalized\fani_2019\frames\fani_2019_20190501T180000Z.npz,"(2, 286, 214)","ir,wv",0.0,0.0,1.0,PASS,
fani_2019,2019-05-01T21:00:00Z,fani_2019_20190501T210000Z.nc,D:\PROJECTS\SIH26\data\normalized\fani_2019\frames\fani_2019_20190501T210000Z.npz,"(2, 286, 214)","ir,wv",0.0,0.0,1.0,PASS,
fani_2019,2019-05-02T00:00:00Z,fani_2019_20190502T000000Z.nc,D:\PROJECTS\SIH26\data\normalized\fani_2019\frames\fani_2019_20190502T000000Z.npz,"(2, 286, 214)","ir,wv",0.0,0.0,1.0,PASS,
fani_2019,2019-05-02T03:00:00Z,fani_2019_20190502T030000Z.nc,D:\PROJECTS\SIH26\data\normalized\fani_2019\frames\fani_2019_20190502T030000Z.npz,"(2, 286, 214)","ir,wv",0.0,0.0,1.0,PASS,
fani_2019,2019-05-02T06:00:00Z,fani_2019_20190502T060000Z.nc,D:\PROJECTS\SIH26\data\normalized\fani_2019\frames\fani_2019_20190502T060000Z.npz,"(2, 286, 214)","ir,wv",0.0,0.0,1.0,PASS,
fani_2019,2019-05-02T09:00:00Z,fani_2019_20190502T090000Z.nc,D:\PROJECTS\SIH26\data\normalized\fani_2019\frames\fani_2019_20190502T090000Z.npz,"(2, 286, 214)","ir,wv",0.0,0.0,1.0,PASS,
fani_2019,2019-05-02T12:00:00Z,fani_2019_20190502T120000Z.nc,D:\PROJECTS\SIH26\data\normalized\fani_2019\frames\fani_2019_20190502T120000Z.npz,"(2, 286, 214)","ir,wv",0.0,0.0,1.0,PASS,
fani_2019,2019-05-02T15:00:00Z,fani_2019_20190502T150000Z.nc,D:\PROJECTS\SIH26\data\normalized\fani_2019\frames\fani_2019_20190502T150000Z.npz,"(2, 286, 214)","ir,wv",0.0,0.0,1.0,PASS,
fani_2019,2019-05-02T18:00:00Z,fani_2019_20190502T180000Z.nc,D:\PROJECTS\SIH26\data\normalized\fani_2019\frames\fani_2019_20190502T180000Z.npz,"(2, 286, 214)","ir,wv",0.0,0.0,1.0,PASS,
fani_2019,2019-05-02T21:00:00Z,fani_2019_20190502T210000Z.nc,D:\PROJECTS\SIH26\data\normalized\fani_2019\frames\fani_2019_20190502T210000Z.npz,"(2, 286, 214)","ir,wv",0.0,0.0,1.0,PASS,
fani_2019,2019-05-03T00:00:00Z,fani_2019_20190503T000000Z.nc,D:\PROJECTS\SIH26\data\normalized\fani_2019\frames\fani_2019_20190503T000000Z.npz,"(2, 286, 214)","ir,wv",0.0,0.0,1.0,PASS,
fani_2019,2019-05-03T03:00:00Z,fani_2019_20190503T030000Z.nc,D:\PROJECTS\SIH26\data\normalized\fani_2019\frames\fani_2019_20190503T030000Z.npz,"(2, 286, 214)","ir,wv",0.0,0.0,1.0,PASS,
fani_2019,2019-05-03T06:00:00Z,fani_2019_20190503T060000Z.nc,D:\PROJECTS\SIH26\data\normalized\fani_2019\frames\fani_2019_20190503T060000Z.npz,"(2, 286, 214)","ir,wv",0.0,0.0,1.0,PASS,
fani_2019,2019-05-03T09:00:00Z,fani_2019_20190503T090000Z.nc,D:\PROJECTS\SIH26\data\normalized\fani_2019\frames\fani_2019_20190503T090000Z.npz,"(2, 286, 214)","ir,wv",0.0,0.0,1.0,PASS,
fani_2019,2019-05-03T12:00:00Z,fani_2019_20190503T120000Z.nc,D:\PROJECTS\SIH26\data\normalized\fani_2019\frames\fani_2019_20190503T120000Z.npz,"(2, 286, 214)","ir,wv",0.0,0.0,1.0,PASS,
fani_2019,2019-05-03T15:00:00Z,fani_2019_20190503T150000Z.nc,D:\PROJECTS\SIH26\data\normalized\fani_2019\frames\fani_2019_20190503T150000Z.npz,"(2, 286, 214)","ir,wv",0.0,0.0,1.0,PASS,
fani_2019,2019-05-03T18:00:00Z,fani_2019_20190503T180000Z.nc,D:\PROJECTS\SIH26\data\normalized\fani_2019\frames\fani_2019_20190503T180000Z.npz,"(2, 286, 214)","ir,wv",0.0,0.0,1.0,PASS,
fani_2019,2019-05-03T21:00:00Z,fani_2019_20190503T210000Z.nc,D:\PROJECTS\SIH26\data\normalized\fani_2019\frames\fani_2019_20190503T210000Z.npz,"(2, 286, 214)","ir,wv",0.0,0.0,1.0,PASS,
fani_2019,2019-05-04T00:00:00Z,fani_2019_20190504T000000Z.nc,D:\PROJECTS\SIH26\data\normalized\fani_2019\frames\fani_2019_20190504T000000Z.npz,"(2, 286, 214)","ir,wv",0.0,0.0,1.0,PASS,
hudhud_2014,2014-10-06T00:00:00Z,hudhud_2014_20141006T000000Z.nc,D:\PROJECTS\SIH26\data\normalized\hudhud_2014\frames\hudhud_2014_20141006T000000Z.npz,"(2, 286, 214)","ir,wv",0.0,0.0,1.0,PASS,
hudhud_2014,2014-10-06T03:00:00Z,hudhud_2014_20141006T030000Z.nc,D:\PROJECTS\SIH26\data\normalized\hudhud_2014\frames\hudhud_2014_20141006T030000Z.npz,"(2, 286, 214)","ir,wv",0.0,0.0,1.0,PASS,
hudhud_2014,2014-10-06T06:00:00Z,hudhud_2014_20141006T060000Z.nc,D:\PROJECTS\SIH26\data\normalized\hudhud_2014\frames\hudhud_2014_20141006T060000Z.npz,"(2, 286, 214)","ir,wv",0.0,0.0,1.0,PASS,
hudhud_2014,2014-10-06T09:00:00Z,hudhud_2014_20141006T090000Z.nc,D:\PROJECTS\SIH26\data\normalized\hudhud_2014\frames\hudhud_2014_20141006T090000Z.npz,"(2, 286, 214)","ir,wv",0.0,0.0,1.0,PASS,
hudhud_2014,2014-10-06T12:00:00Z,hudhud_2014_20141006T120000Z.nc,D:\PROJECTS\SIH26\data\normalized\hudhud_2014\frames\hudhud_2014_20141006T120000Z.npz,"(2, 286, 214)","ir,wv",0.0,0.0,1.0,PASS,
hudhud_2014,2014-10-06T15:00:00Z,hudhud_2014_20141006T150000Z.nc,D:\PROJECTS\SIH26\data\normalized\hudhud_2014\frames\hudhud_2014_20141006T150000Z.npz,"(2, 286, 214)","ir,wv",0.0,0.0,1.0,PASS,
hudhud_2014,2014-10-06T18:00:00Z,hudhud_2014_20141006T180000Z.nc,D:\PROJECTS\SIH26\data\normalized\hudhud_2014\frames\hudhud_2014_20141006T180000Z.npz,"(2, 286, 214)","ir,wv",0.0,0.0,1.0,PASS,
hudhud_2014,2014-10-06T21:00:00Z,hudhud_2014_20141006T210000Z.nc,D:\PROJECTS\SIH26\data\normalized\hudhud_2014\frames\hudhud_2014_20141006T210000Z.npz,"(2, 286, 214)","ir,wv",0.0,0.0,1.0,PASS,
hudhud_2014,2014-10-07T00:00:00Z,hudhud_2014_20141007T000000Z.nc,D:\PROJECTS\SIH26\data\normalized\hudhud_2014\frames\hudhud_2014_20141007T000000Z.npz,"(2, 286, 214)","ir,wv",0.0,0.0,1.0,PASS,
hudhud_2014,2014-10-07T03:00:00Z,hudhud_2014_20141007T030000Z.nc,D:\PROJECTS\SIH26\data\normalized\hudhud_2014\frames\hudhud_2014_20141007T030000Z.npz,"(2, 286, 214)","ir,wv",0.0,0.0,1.0,PASS,
hudhud_2014,2014-10-07T06:00:00Z,hudhud_2014_20141007T060000Z.nc,D:\PROJECTS\SIH26\data\normalized\hudhud_2014\frames\hudhud_2014_20141007T060000Z.npz,"(2, 286, 214)","ir,wv",0.0,0.0,1.0,PASS,
hudhud_2014,2014-10-07T09:00:00Z,hudhud_2014_20141007T090000Z.nc,D:\PROJECTS\SIH26\data\normalized\hudhud_2014\frames\hudhud_2014_20141007T090000Z.npz,"(2, 286, 214)","ir,wv",0.0,0.0,1.0,PASS,
hudhud_2014,2014-10-07T12:00:00Z,hudhud_2014_20141007T120000Z.nc,D:\PROJECTS\SIH26\data\normalized\hudhud_2014\frames\hudhud_2014_20141007T120000Z.npz,"(2, 286, 214)","ir,wv",0.0,0.0,1.0,PASS,
hudhud_2014,2014-10-07T15:00:00Z,hudhud_2014_20141007T150000Z.nc,D:\PROJECTS\SIH26\data\normalized\hudhud_2014\frames\hudhud_2014_20141007T150000Z.npz,"(2, 286, 214)","ir,wv",0.0,0.0,1.0,PASS,
hudhud_2014,2014-10-07T18:00:00Z,hudhud_2014_20141007T180000Z.nc,D:\PROJECTS\SIH26\data\normalized\hudhud_2014\frames\hudhud_2014_20141007T180000Z.npz,"(2, 286, 214)","ir,wv",0.0,0.0,1.0,PASS,
hudhud_2014,2014-10-07T21:00:00Z,hudhud_2014_20141007T210000Z.nc,D:\PROJECTS\SIH26\data\normalized\hudhud_2014\frames\hudhud_2014_20141007T210000Z.npz,"(2, 286, 214)","ir,wv",0.0,0.0,1.0,PASS,
hudhud_2014,2014-10-08T00:00:00Z,hudhud_2014_20141008T000000Z.nc,D:\PROJECTS\SIH26\data\normalized\hudhud_2014\frames\hudhud_2014_20141008T000000Z.npz,"(2, 286, 214)","ir,wv",0.0,0.0,1.0,PASS,
hudhud_2014,2014-10-08T03:00:00Z,hudhud_2014_20141008T030000Z.nc,D:\PROJECTS\SIH26\data\normalized\hudhud_2014\frames\hudhud_2014_20141008T030000Z.npz,"(2, 286, 214)","ir,wv",0.0,0.0,1.0,PASS,
hudhud_2014,2014-10-08T06:00:00Z,hudhud_2014_20141008T060000Z.nc,D:\PROJECTS\SIH26\data\normalized\hudhud_2014\frames\hudhud_2014_20141008T060000Z.npz,"(2, 286, 214)","ir,wv",0.0,0.0,1.0,PASS,
hudhud_2014,2014-10-08T09:00:00Z,hudhud_2014_20141008T090000Z.nc,D:\PROJECTS\SIH26\data\normalized\hudhud_2014\frames\hudhud_2014_20141008T090000Z.npz,"(2, 286, 214)","ir,wv",0.0,0.0,1.0,PASS,
hudhud_2014,2014-10-08T12:00:00Z,hudhud_2014_20141008T120000Z.nc,D:\PROJECTS\SIH26\data\normalized\hudhud_2014\frames\hudhud_2014_20141008T120000Z.npz,"(2, 286, 214)","ir,wv",0.0,0.0,1.0,PASS,
hudhud_2014,2014-10-08T15:00:00Z,hudhud_2014_20141008T150000Z.nc,D:\PROJECTS\SIH26\data\normalized\hudhud_2014\frames\hudhud_2014_20141008T150000Z.npz,"(2, 286, 214)","ir,wv",0.0,0.0,1.0,PASS,
hudhud_2014,2014-10-08T18:00:00Z,hudhud_2014_20141008T180000Z.nc,D:\PROJECTS\SIH26\data\normalized\hudhud_2014\frames\hudhud_2014_20141008T180000Z.npz,"(2, 286, 214)","ir,wv",0.0,0.0,1.0,PASS,
hudhud_2014,2014-10-08T21:00:00Z,hudhud_2014_20141008T210000Z.nc,D:\PROJECTS\SIH26\data\normalized\hudhud_2014\frames\hudhud_2014_20141008T210000Z.npz,"(2, 286, 214)","ir,wv",0.0,0.0,1.0,PASS,
hudhud_2014,2014-10-09T00:00:00Z,hudhud_2014_20141009T000000Z.nc,D:\PROJECTS\SIH26\data\normalized\hudhud_2014\frames\hudhud_2014_20141009T000000Z.npz,"(2, 286, 214)","ir,wv",0.0,0.0,1.0,PASS,
hudhud_2014,2014-10-09T03:00:00Z,hudhud_2014_20141009T030000Z.nc,D:\PROJECTS\SIH26\data\normalized\hudhud_2014\frames\hudhud_2014_20141009T030000Z.npz,"(2, 286, 214)","ir,wv",0.0,0.0,1.0,PASS,
hudhud_2014,2014-10-09T06:00:00Z,hudhud_2014_20141009T060000Z.nc,D:\PROJECTS\SIH26\data\normalized\hudhud_2014\frames\hudhud_2014_20141009T060000Z.npz,"(2, 286, 214)","ir,wv",0.0,0.0,1.0,PASS,
hudhud_2014,2014-10-09T09:00:00Z,hudhud_2014_20141009T090000Z.nc,D:\PROJECTS\SIH26\data\normalized\hudhud_2014\frames\hudhud_2014_20141009T090000Z.npz,"(2, 286, 214)","ir,wv",0.0,0.0,1.0,PASS,
hudhud_2014,2014-10-09T12:00:00Z,hudhud_2014_20141009T120000Z.nc,D:\PROJECTS\SIH26\data\normalized\hudhud_2014\frames\hudhud_2014_20141009T120000Z.npz,"(2, 286, 214)","ir,wv",0.0,0.0,1.0,PASS,
hudhud_2014,2014-10-09T15:00:00Z,hudhud_2014_20141009T150000Z.nc,D:\PROJECTS\SIH26\data\normalized\hudhud_2014\frames\hudhud_2014_20141009T150000Z.npz,"(2, 286, 214)","ir,wv",0.0,0.0,1.0,PASS,
hudhud_2014,2014-10-09T18:00:00Z,hudhud_2014_20141009T180000Z.nc,D:\PROJECTS\SIH26\data\normalized\hudhud_2014\frames\hudhud_2014_20141009T180000Z.npz,"(2, 286, 214)","ir,wv",0.0,0.0,1.0,PASS,
hudhud_2014,2014-10-09T21:00:00Z,hudhud_2014_20141009T210000Z.nc,D:\PROJECTS\SIH26\data\normalized\hudhud_2014\frames\hudhud_2014_20141009T210000Z.npz,"(2, 286, 214)","ir,wv",0.0,0.0,1.0,PASS,
hudhud_2014,2014-10-10T00:00:00Z,hudhud_2014_20141010T000000Z.nc,D:\PROJECTS\SIH26\data\normalized\hudhud_2014\frames\hudhud_2014_20141010T000000Z.npz,"(2, 286, 214)","ir,wv",0.0,0.0,1.0,PASS,
hudhud_2014,2014-10-10T03:00:00Z,hudhud_2014_20141010T030000Z.nc,D:\PROJECTS\SIH26\data\normalized\hudhud_2014\frames\hudhud_2014_20141010T030000Z.npz,"(2, 286, 214)","ir,wv",0.0,0.0,1.0,PASS,
hudhud_2014,2014-10-10T06:00:00Z,hudhud_2014_20141010T060000Z.nc,D:\PROJECTS\SIH26\data\normalized\hudhud_2014\frames\hudhud_2014_20141010T060000Z.npz,"(2, 286, 214)","ir,wv",0.0,0.0,1.0,PASS,
hudhud_2014,2014-10-10T09:00:00Z,hudhud_2014_20141010T090000Z.nc,D:\PROJECTS\SIH26\data\normalized\hudhud_2014\frames\hudhud_2014_20141010T090000Z.npz,"(2, 286, 214)","ir,wv",0.0,0.0,1.0,PASS,
hudhud_2014,2014-10-10T12:00:00Z,hudhud_2014_20141010T120000Z.nc,D:\PROJECTS\SIH26\data\normalized\hudhud_2014\frames\hudhud_2014_20141010T120000Z.npz,"(2, 286, 214)","ir,wv",0.0,0.0,1.0,PASS,
hudhud_2014,2014-10-10T15:00:00Z,hudhud_2014_20141010T150000Z.nc,D:\PROJECTS\SIH26\data\normalized\hudhud_2014\frames\hudhud_2014_20141010T150000Z.npz,"(2, 286, 214)","ir,wv",0.0,0.0,1.0,PASS,
hudhud_2014,2014-10-10T18:00:00Z,hudhud_2014_20141010T180000Z.nc,D:\PROJECTS\SIH26\data\normalized\hudhud_2014\frames\hudhud_2014_20141010T180000Z.npz,"(2, 286, 214)","ir,wv",0.0,0.0,1.0,PASS,
hudhud_2014,2014-10-10T21:00:00Z,hudhud_2014_20141010T210000Z.nc,D:\PROJECTS\SIH26\data\normalized\hudhud_2014\frames\hudhud_2014_20141010T210000Z.npz,"(2, 286, 214)","ir,wv",0.0,0.0,1.0,PASS,
hudhud_2014,2014-10-11T00:00:00Z,hudhud_2014_20141011T000000Z.nc,D:\PROJECTS\SIH26\data\normalized\hudhud_2014\frames\hudhud_2014_20141011T000000Z.npz,"(2, 286, 214)","ir,wv",0.0,0.0,1.0,PASS,
hudhud_2014,2014-10-11T03:00:00Z,hudhud_2014_20141011T030000Z.nc,D:\PROJECTS\SIH26\data\normalized\hudhud_2014\frames\hudhud_2014_20141011T030000Z.npz,"(2, 286, 214)","ir,wv",0.0,0.0,1.0,PASS,
hudhud_2014,2014-10-11T06:00:00Z,hudhud_2014_20141011T060000Z.nc,D:\PROJECTS\SIH26\data\normalized\hudhud_2014\frames\hudhud_2014_20141011T060000Z.npz,"(2, 286, 214)","ir,wv",0.0,0.0,1.0,PASS,
hudhud_2014,2014-10-11T09:00:00Z,hudhud_2014_20141011T090000Z.nc,D:\PROJECTS\SIH26\data\normalized\hudhud_2014\frames\hudhud_2014_20141011T090000Z.npz,"(2, 286, 214)","ir,wv",0.0,0.0,1.0,PASS,
hudhud_2014,2014-10-11T12:00:00Z,hudhud_2014_20141011T120000Z.nc,D:\PROJECTS\SIH26\data\normalized\hudhud_2014\frames\hudhud_2014_20141011T120000Z.npz,"(2, 286, 214)","ir,wv",0.0,0.0,1.0,PASS,
hudhud_2014,2014-10-11T15:00:00Z,hudhud_2014_20141011T150000Z.nc,D:\PROJECTS\SIH26\data\normalized\hudhud_2014\frames\hudhud_2014_20141011T150000Z.npz,"(2, 286, 214)","ir,wv",0.0,0.0,1.0,PASS,
hudhud_2014,2014-10-11T18:00:00Z,hudhud_2014_20141011T180000Z.nc,D:\PROJECTS\SIH26\data\normalized\hudhud_2014\frames\hudhud_2014_20141011T180000Z.npz,"(2, 286, 214)","ir,wv",0.0,0.0,1.0,PASS,
hudhud_2014,2014-10-11T21:00:00Z,hudhud_2014_20141011T210000Z.nc,D:\PROJECTS\SIH26\data\normalized\hudhud_2014\frames\hudhud_2014_20141011T210000Z.npz,"(2, 286, 214)","ir,wv",0.0,0.0,1.0,PASS,
hudhud_2014,2014-10-12T00:00:00Z,hudhud_2014_20141012T000000Z.nc,D:\PROJECTS\SIH26\data\normalized\hudhud_2014\frames\hudhud_2014_20141012T000000Z.npz,"(2, 286, 214)","ir,wv",0.0,0.0,1.0,PASS,
hudhud_2014,2014-10-12T03:00:00Z,hudhud_2014_20141012T030000Z.nc,D:\PROJECTS\SIH26\data\normalized\hudhud_2014\frames\hudhud_2014_20141012T030000Z.npz,"(2, 286, 214)","ir,wv",0.0,0.0,1.0,PASS,
hudhud_2014,2014-10-12T06:00:00Z,hudhud_2014_20141012T060000Z.nc,D:\PROJECTS\SIH26\data\normalized\hudhud_2014\frames\hudhud_2014_20141012T060000Z.npz,"(2, 286, 214)","ir,wv",0.0,0.0,1.0,PASS,
hudhud_2014,2014-10-12T09:00:00Z,hudhud_2014_20141012T090000Z.nc,D:\PROJECTS\SIH26\data\normalized\hudhud_2014\frames\hudhud_2014_20141012T090000Z.npz,"(2, 286, 214)","ir,wv",0.0,0.0,1.0,PASS,
hudhud_2014,2014-10-12T12:00:00Z,hudhud_2014_20141012T120000Z.nc,D:\PROJECTS\SIH26\data\normalized\hudhud_2014\frames\hudhud_2014_20141012T120000Z.npz,"(2, 286, 214)","ir,wv",0.0,0.0,1.0,PASS,
hudhud_2014,2014-10-12T15:00:00Z,hudhud_2014_20141012T150000Z.nc,D:\PROJECTS\SIH26\data\normalized\hudhud_2014\frames\hudhud_2014_20141012T150000Z.npz,"(2, 286, 214)","ir,wv",0.0,0.0,1.0,PASS,
hudhud_2014,2014-10-12T18:00:00Z,hudhud_2014_20141012T180000Z.nc,D:\PROJECTS\SIH26\data\normalized\hudhud_2014\frames\hudhud_2014_20141012T180000Z.npz,"(2, 286, 214)","ir,wv",0.0,0.0,1.0,PASS,
hudhud_2014,2014-10-12T21:00:00Z,hudhud_2014_20141012T210000Z.nc,D:\PROJECTS\SIH26\data\normalized\hudhud_2014\frames\hudhud_2014_20141012T210000Z.npz,"(2, 286, 214)","ir,wv",0.0,0.0,1.0,PASS,
hudhud_2014,2014-10-13T00:00:00Z,hudhud_2014_20141013T000000Z.nc,D:\PROJECTS\SIH26\data\normalized\hudhud_2014\frames\hudhud_2014_20141013T000000Z.npz,"(2, 286, 214)","ir,wv",0.0,0.0,1.0,PASS,
hudhud_2014,2014-10-13T03:00:00Z,hudhud_2014_20141013T030000Z.nc,D:\PROJECTS\SIH26\data\normalized\hudhud_2014\frames\hudhud_2014_20141013T030000Z.npz,"(2, 286, 214)","ir,wv",0.0,0.0,1.0,PASS,
hudhud_2014,2014-10-13T06:00:00Z,hudhud_2014_20141013T060000Z.nc,D:\PROJECTS\SIH26\data\normalized\hudhud_2014\frames\hudhud_2014_20141013T060000Z.npz,"(2, 286, 214)","ir,wv",0.0,0.0,1.0,PASS,
hudhud_2014,2014-10-13T09:00:00Z,hudhud_2014_20141013T090000Z.nc,D:\PROJECTS\SIH26\data\normalized\hudhud_2014\frames\hudhud_2014_20141013T090000Z.npz,"(2, 286, 214)","ir,wv",0.0,0.0,1.0,PASS,
hudhud_2014,2014-10-13T12:00:00Z,hudhud_2014_20141013T120000Z.nc,D:\PROJECTS\SIH26\data\normalized\hudhud_2014\frames\hudhud_2014_20141013T120000Z.npz,"(2, 286, 214)","ir,wv",0.0,0.0,1.0,PASS,
hudhud_2014,2014-10-13T15:00:00Z,hudhud_2014_20141013T150000Z.nc,D:\PROJECTS\SIH26\data\normalized\hudhud_2014\frames\hudhud_2014_20141013T150000Z.npz,"(2, 286, 214)","ir,wv",0.0,0.0,1.0,PASS,
hudhud_2014,2014-10-13T18:00:00Z,hudhud_2014_20141013T180000Z.nc,D:\PROJECTS\SIH26\data\normalized\hudhud_2014\frames\hudhud_2014_20141013T180000Z.npz,"(2, 286, 214)","ir,wv",0.0,0.0,1.0,PASS,
hudhud_2014,2014-10-13T21:00:00Z,hudhud_2014_20141013T210000Z.nc,D:\PROJECTS\SIH26\data\normalized\hudhud_2014\frames\hudhud_2014_20141013T210000Z.npz,"(2, 286, 214)","ir,wv",0.0,0.0,1.0,PASS,
hudhud_2014,2014-10-14T00:00:00Z,hudhud_2014_20141014T000000Z.nc,D:\PROJECTS\SIH26\data\normalized\hudhud_2014\frames\hudhud_2014_20141014T000000Z.npz,"(2, 286, 214)","ir,wv",0.0,0.0,1.0,PASS,
ockhi_2017,2017-11-28T00:00:00Z,ockhi_2017_20171128T000000Z.nc,D:\PROJECTS\SIH26\data\normalized\ockhi_2017\frames\ockhi_2017_20171128T000000Z.npz,"(2, 286, 357)","ir,wv",0.0,0.0,1.0,PASS,
ockhi_2017,2017-11-28T03:00:00Z,ockhi_2017_20171128T030000Z.nc,D:\PROJECTS\SIH26\data\normalized\ockhi_2017\frames\ockhi_2017_20171128T030000Z.npz,"(2, 286, 357)","ir,wv",0.0,0.0,1.0,PASS,
ockhi_2017,2017-11-28T06:00:00Z,ockhi_2017_20171128T060000Z.nc,D:\PROJECTS\SIH26\data\normalized\ockhi_2017\frames\ockhi_2017_20171128T060000Z.npz,"(2, 286, 357)","ir,wv",0.0,0.0,1.0,PASS,
ockhi_2017,2017-11-28T09:00:00Z,ockhi_2017_20171128T090000Z.nc,D:\PROJECTS\SIH26\data\normalized\ockhi_2017\frames\ockhi_2017_20171128T090000Z.npz,"(2, 286, 357)","ir,wv",0.0,0.0,1.0,PASS,
ockhi_2017,2017-11-28T12:00:00Z,ockhi_2017_20171128T120000Z.nc,D:\PROJECTS\SIH26\data\normalized\ockhi_2017\frames\ockhi_2017_20171128T120000Z.npz,"(2, 286, 357)","ir,wv",0.0,0.0,1.0,PASS,
ockhi_2017,2017-11-28T15:00:00Z,ockhi_2017_20171128T150000Z.nc,D:\PROJECTS\SIH26\data\normalized\ockhi_2017\frames\ockhi_2017_20171128T150000Z.npz,"(2, 286, 357)","ir,wv",0.0,0.0,1.0,PASS,
ockhi_2017,2017-11-28T18:00:00Z,ockhi_2017_20171128T180000Z.nc,D:\PROJECTS\SIH26\data\normalized\ockhi_2017\frames\ockhi_2017_20171128T180000Z.npz,"(2, 286, 357)","ir,wv",0.0,0.0,1.0,PASS,
ockhi_2017,2017-11-28T21:00:00Z,ockhi_2017_20171128T210000Z.nc,D:\PROJECTS\SIH26\data\normalized\ockhi_2017\frames\ockhi_2017_20171128T210000Z.npz,"(2, 286, 357)","ir,wv",0.0,0.0,1.0,PASS,
ockhi_2017,2017-11-29T00:00:00Z,ockhi_2017_20171129T000000Z.nc,D:\PROJECTS\SIH26\data\normalized\ockhi_2017\frames\ockhi_2017_20171129T000000Z.npz,"(2, 286, 357)","ir,wv",0.0,0.0,1.0,PASS,
ockhi_2017,2017-11-29T03:00:00Z,ockhi_2017_20171129T030000Z.nc,D:\PROJECTS\SIH26\data\normalized\ockhi_2017\frames\ockhi_2017_20171129T030000Z.npz,"(2, 286, 357)","ir,wv",0.0,0.0,1.0,PASS,
ockhi_2017,2017-11-29T06:00:00Z,ockhi_2017_20171129T060000Z.nc,D:\PROJECTS\SIH26\data\normalized\ockhi_2017\frames\ockhi_2017_20171129T060000Z.npz,"(2, 286, 357)","ir,wv",0.0,0.0,1.0,PASS,
ockhi_2017,2017-11-29T09:00:00Z,ockhi_2017_20171129T090000Z.nc,D:\PROJECTS\SIH26\data\normalized\ockhi_2017\frames\ockhi_2017_20171129T090000Z.npz,"(2, 286, 357)","ir,wv",0.0,0.0,1.0,PASS,
ockhi_2017,2017-11-29T12:00:00Z,ockhi_2017_20171129T120000Z.nc,D:\PROJECTS\SIH26\data\normalized\ockhi_2017\frames\ockhi_2017_20171129T120000Z.npz,"(2, 286, 357)","ir,wv",0.0,0.0,1.0,PASS,
ockhi_2017,2017-11-29T15:00:00Z,ockhi_2017_20171129T150000Z.nc,D:\PROJECTS\SIH26\data\normalized\ockhi_2017\frames\ockhi_2017_20171129T150000Z.npz,"(2, 286, 357)","ir,wv",0.0,0.0,1.0,PASS,
ockhi_2017,2017-11-29T18:00:00Z,ockhi_2017_20171129T180000Z.nc,D:\PROJECTS\SIH26\data\normalized\ockhi_2017\frames\ockhi_2017_20171129T180000Z.npz,"(2, 286, 357)","ir,wv",0.0,0.0,1.0,PASS,
ockhi_2017,2017-11-29T21:00:00Z,ockhi_2017_20171129T210000Z.nc,D:\PROJECTS\SIH26\data\normalized\ockhi_2017\frames\ockhi_2017_20171129T210000Z.npz,"(2, 286, 357)","ir,wv",0.0,0.0,1.0,PASS,
ockhi_2017,2017-11-30T00:00:00Z,ockhi_2017_20171130T000000Z.nc,D:\PROJECTS\SIH26\data\normalized\ockhi_2017\frames\ockhi_2017_20171130T000000Z.npz,"(2, 286, 357)","ir,wv",0.0,0.0,1.0,PASS,
ockhi_2017,2017-11-30T03:00:00Z,ockhi_2017_20171130T030000Z.nc,D:\PROJECTS\SIH26\data\normalized\ockhi_2017\frames\ockhi_2017_20171130T030000Z.npz,"(2, 286, 357)","ir,wv",0.0,0.0,1.0,PASS,
ockhi_2017,2017-11-30T06:00:00Z,ockhi_2017_20171130T060000Z.nc,D:\PROJECTS\SIH26\data\normalized\ockhi_2017\frames\ockhi_2017_20171130T060000Z.npz,"(2, 286, 357)","ir,wv",0.0,0.0,1.0,PASS,
ockhi_2017,2017-11-30T09:00:00Z,ockhi_2017_20171130T090000Z.nc,D:\PROJECTS\SIH26\data\normalized\ockhi_2017\frames\ockhi_2017_20171130T090000Z.npz,"(2, 286, 357)","ir,wv",0.0,0.0,1.0,PASS,
ockhi_2017,2017-11-30T12:00:00Z,ockhi_2017_20171130T120000Z.nc,D:\PROJECTS\SIH26\data\normalized\ockhi_2017\frames\ockhi_2017_20171130T120000Z.npz,"(2, 286, 357)","ir,wv",0.0,0.0,1.0,PASS,
ockhi_2017,2017-11-30T15:00:00Z,ockhi_2017_20171130T150000Z.nc,D:\PROJECTS\SIH26\data\normalized\ockhi_2017\frames\ockhi_2017_20171130T150000Z.npz,"(2, 286, 357)","ir,wv",0.0,0.0,1.0,PASS,
ockhi_2017,2017-11-30T18:00:00Z,ockhi_2017_20171130T180000Z.nc,D:\PROJECTS\SIH26\data\normalized\ockhi_2017\frames\ockhi_2017_20171130T180000Z.npz,"(2, 286, 357)","ir,wv",0.0,0.0,1.0,PASS,
ockhi_2017,2017-11-30T21:00:00Z,ockhi_2017_20171130T210000Z.nc,D:\PROJECTS\SIH26\data\normalized\ockhi_2017\frames\ockhi_2017_20171130T210000Z.npz,"(2, 286, 357)","ir,wv",0.0,0.0,1.0,PASS,
ockhi_2017,2017-12-01T00:00:00Z,ockhi_2017_20171201T000000Z.nc,D:\PROJECTS\SIH26\data\normalized\ockhi_2017\frames\ockhi_2017_20171201T000000Z.npz,"(2, 286, 357)","ir,wv",0.0,0.0,1.0,PASS,
ockhi_2017,2017-12-01T03:00:00Z,ockhi_2017_20171201T030000Z.nc,D:\PROJECTS\SIH26\data\normalized\ockhi_2017\frames\ockhi_2017_20171201T030000Z.npz,"(2, 286, 357)","ir,wv",0.0,0.0,1.0,PASS,
ockhi_2017,2017-12-01T06:00:00Z,ockhi_2017_20171201T060000Z.nc,D:\PROJECTS\SIH26\data\normalized\ockhi_2017\frames\ockhi_2017_20171201T060000Z.npz,"(2, 286, 357)","ir,wv",0.0,0.0,1.0,PASS,
ockhi_2017,2017-12-01T09:00:00Z,ockhi_2017_20171201T090000Z.nc,D:\PROJECTS\SIH26\data\normalized\ockhi_2017\frames\ockhi_2017_20171201T090000Z.npz,"(2, 286, 357)","ir,wv",0.0,0.0,1.0,PASS,
ockhi_2017,2017-12-01T12:00:00Z,ockhi_2017_20171201T120000Z.nc,D:\PROJECTS\SIH26\data\normalized\ockhi_2017\frames\ockhi_2017_20171201T120000Z.npz,"(2, 286, 357)","ir,wv",0.0,0.0,1.0,PASS,
ockhi_2017,2017-12-01T15:00:00Z,ockhi_2017_20171201T150000Z.nc,D:\PROJECTS\SIH26\data\normalized\ockhi_2017\frames\ockhi_2017_20171201T150000Z.npz,"(2, 286, 357)","ir,wv",0.0,0.0,1.0,PASS,
ockhi_2017,2017-12-01T18:00:00Z,ockhi_2017_20171201T180000Z.nc,D:\PROJECTS\SIH26\data\normalized\ockhi_2017\frames\ockhi_2017_20171201T180000Z.npz,"(2, 286, 357)","ir,wv",0.0,0.0,1.0,PASS,
ockhi_2017,2017-12-01T21:00:00Z,ockhi_2017_20171201T210000Z.nc,D:\PROJECTS\SIH26\data\normalized\ockhi_2017\frames\ockhi_2017_20171201T210000Z.npz,"(2, 286, 357)","ir,wv",0.0,0.0,1.0,PASS,
ockhi_2017,2017-12-02T00:00:00Z,ockhi_2017_20171202T000000Z.nc,D:\PROJECTS\SIH26\data\normalized\ockhi_2017\frames\ockhi_2017_20171202T000000Z.npz,"(2, 286, 357)","ir,wv",0.0,0.0,1.0,PASS,
ockhi_2017,2017-12-02T03:00:00Z,ockhi_2017_20171202T030000Z.nc,D:\PROJECTS\SIH26\data\normalized\ockhi_2017\frames\ockhi_2017_20171202T030000Z.npz,"(2, 286, 357)","ir,wv",0.0,0.0,1.0,PASS,
ockhi_2017,2017-12-02T06:00:00Z,ockhi_2017_20171202T060000Z.nc,D:\PROJECTS\SIH26\data\normalized\ockhi_2017\frames\ockhi_2017_20171202T060000Z.npz,"(2, 286, 357)","ir,wv",0.0,0.0,1.0,PASS,
ockhi_2017,2017-12-02T09:00:00Z,ockhi_2017_20171202T090000Z.nc,D:\PROJECTS\SIH26\data\normalized\ockhi_2017\frames\ockhi_2017_20171202T090000Z.npz,"(2, 286, 357)","ir,wv",0.0,0.0,1.0,PASS,
ockhi_2017,2017-12-02T12:00:00Z,ockhi_2017_20171202T120000Z.nc,D:\PROJECTS\SIH26\data\normalized\ockhi_2017\frames\ockhi_2017_20171202T120000Z.npz,"(2, 286, 357)","ir,wv",0.0,0.0,1.0,PASS,
ockhi_2017,2017-12-02T15:00:00Z,ockhi_2017_20171202T150000Z.nc,D:\PROJECTS\SIH26\data\normalized\ockhi_2017\frames\ockhi_2017_20171202T150000Z.npz,"(2, 286, 357)","ir,wv",0.0,0.0,1.0,PASS,
ockhi_2017,2017-12-02T18:00:00Z,ockhi_2017_20171202T180000Z.nc,D:\PROJECTS\SIH26\data\normalized\ockhi_2017\frames\ockhi_2017_20171202T180000Z.npz,"(2, 286, 357)","ir,wv",0.0,0.0,1.0,PASS,
ockhi_2017,2017-12-02T21:00:00Z,ockhi_2017_20171202T210000Z.nc,D:\PROJECTS\SIH26\data\normalized\ockhi_2017\frames\ockhi_2017_20171202T210000Z.npz,"(2, 286, 357)","ir,wv",0.0,0.0,1.0,PASS,
ockhi_2017,2017-12-03T00:00:00Z,ockhi_2017_20171203T000000Z.nc,D:\PROJECTS\SIH26\data\normalized\ockhi_2017\frames\ockhi_2017_20171203T000000Z.npz,"(2, 286, 357)","ir,wv",0.0,0.0,1.0,PASS,
ockhi_2017,2017-12-03T03:00:00Z,ockhi_2017_20171203T030000Z.nc,D:\PROJECTS\SIH26\data\normalized\ockhi_2017\frames\ockhi_2017_20171203T030000Z.npz,"(2, 286, 357)","ir,wv",0.0,0.0,1.0,PASS,
ockhi_2017,2017-12-03T06:00:00Z,ockhi_2017_20171203T060000Z.nc,D:\PROJECTS\SIH26\data\normalized\ockhi_2017\frames\ockhi_2017_20171203T060000Z.npz,"(2, 286, 357)","ir,wv",0.0,0.0,1.0,PASS,
ockhi_2017,2017-12-03T09:00:00Z,ockhi_2017_20171203T090000Z.nc,D:\PROJECTS\SIH26\data\normalized\ockhi_2017\frames\ockhi_2017_20171203T090000Z.npz,"(2, 286, 357)","ir,wv",0.0,0.0,1.0,PASS,
ockhi_2017,2017-12-03T12:00:00Z,ockhi_2017_20171203T120000Z.nc,D:\PROJECTS\SIH26\data\normalized\ockhi_2017\frames\ockhi_2017_20171203T120000Z.npz,"(2, 286, 357)","ir,wv",0.0,0.0,1.0,PASS,
ockhi_2017,2017-12-03T15:00:00Z,ockhi_2017_20171203T150000Z.nc,D:\PROJECTS\SIH26\data\normalized\ockhi_2017\frames\ockhi_2017_20171203T150000Z.npz,"(2, 286, 357)","ir,wv",0.0,0.0,1.0,PASS,
ockhi_2017,2017-12-03T18:00:00Z,ockhi_2017_20171203T180000Z.nc,D:\PROJECTS\SIH26\data\normalized\ockhi_2017\frames\ockhi_2017_20171203T180000Z.npz,"(2, 286, 357)","ir,wv",0.0,0.0,1.0,PASS,
ockhi_2017,2017-12-03T21:00:00Z,ockhi_2017_20171203T210000Z.nc,D:\PROJECTS\SIH26\data\normalized\ockhi_2017\frames\ockhi_2017_20171203T210000Z.npz,"(2, 286, 357)","ir,wv",0.0,0.0,1.0,PASS,
ockhi_2017,2017-12-04T00:00:00Z,ockhi_2017_20171204T000000Z.nc,D:\PROJECTS\SIH26\data\normalized\ockhi_2017\frames\ockhi_2017_20171204T000000Z.npz,"(2, 286, 357)","ir,wv",0.0,0.0,1.0,PASS,
ockhi_2017,2017-12-04T03:00:00Z,ockhi_2017_20171204T030000Z.nc,D:\PROJECTS\SIH26\data\normalized\ockhi_2017\frames\ockhi_2017_20171204T030000Z.npz,"(2, 286, 357)","ir,wv",0.0,0.0,1.0,PASS,
ockhi_2017,2017-12-04T06:00:00Z,ockhi_2017_20171204T060000Z.nc,D:\PROJECTS\SIH26\data\normalized\ockhi_2017\frames\ockhi_2017_20171204T060000Z.npz,"(2, 286, 357)","ir,wv",0.0,0.0,1.0,PASS,
ockhi_2017,2017-12-04T09:00:00Z,ockhi_2017_20171204T090000Z.nc,D:\PROJECTS\SIH26\data\normalized\ockhi_2017\frames\ockhi_2017_20171204T090000Z.npz,"(2, 286, 357)","ir,wv",0.0,0.0,1.0,PASS,
ockhi_2017,2017-12-04T12:00:00Z,ockhi_2017_20171204T120000Z.nc,D:\PROJECTS\SIH26\data\normalized\ockhi_2017\frames\ockhi_2017_20171204T120000Z.npz,"(2, 286, 357)","ir,wv",0.0,0.0,1.0,PASS,
ockhi_2017,2017-12-04T15:00:00Z,ockhi_2017_20171204T150000Z.nc,D:\PROJECTS\SIH26\data\normalized\ockhi_2017\frames\ockhi_2017_20171204T150000Z.npz,"(2, 286, 357)","ir,wv",0.0,0.0,1.0,PASS,
ockhi_2017,2017-12-04T18:00:00Z,ockhi_2017_20171204T180000Z.nc,D:\PROJECTS\SIH26\data\normalized\ockhi_2017\frames\ockhi_2017_20171204T180000Z.npz,"(2, 286, 357)","ir,wv",0.0,0.0,1.0,PASS,
ockhi_2017,2017-12-04T21:00:00Z,ockhi_2017_20171204T210000Z.nc,D:\PROJECTS\SIH26\data\normalized\ockhi_2017\frames\ockhi_2017_20171204T210000Z.npz,"(2, 286, 357)","ir,wv",0.0,0.0,1.0,PASS,
ockhi_2017,2017-12-05T00:00:00Z,ockhi_2017_20171205T000000Z.nc,D:\PROJECTS\SIH26\data\normalized\ockhi_2017\frames\ockhi_2017_20171205T000000Z.npz,"(2, 286, 357)","ir,wv",0.0,0.0,1.0,PASS,
phailin_2013,2013-10-07T00:00:00Z,phailin_2013_20131007T000000Z.nc,D:\PROJECTS\SIH26\data\normalized\phailin_2013\frames\phailin_2013_20131007T000000Z.npz,"(2, 286, 214)","ir,wv",0.0,0.0,1.0,PASS,
phailin_2013,2013-10-07T03:00:00Z,phailin_2013_20131007T030000Z.nc,D:\PROJECTS\SIH26\data\normalized\phailin_2013\frames\phailin_2013_20131007T030000Z.npz,"(2, 286, 214)","ir,wv",0.0,0.0,1.0,PASS,
phailin_2013,2013-10-07T06:00:00Z,phailin_2013_20131007T060000Z.nc,D:\PROJECTS\SIH26\data\normalized\phailin_2013\frames\phailin_2013_20131007T060000Z.npz,"(2, 286, 214)","ir,wv",0.0,0.0,1.0,PASS,
phailin_2013,2013-10-07T09:00:00Z,phailin_2013_20131007T090000Z.nc,D:\PROJECTS\SIH26\data\normalized\phailin_2013\frames\phailin_2013_20131007T090000Z.npz,"(2, 286, 214)","ir,wv",0.0,0.0,1.0,PASS,
phailin_2013,2013-10-07T12:00:00Z,phailin_2013_20131007T120000Z.nc,D:\PROJECTS\SIH26\data\normalized\phailin_2013\frames\phailin_2013_20131007T120000Z.npz,"(2, 286, 214)","ir,wv",0.0,0.0,1.0,PASS,
phailin_2013,2013-10-07T15:00:00Z,phailin_2013_20131007T150000Z.nc,D:\PROJECTS\SIH26\data\normalized\phailin_2013\frames\phailin_2013_20131007T150000Z.npz,"(2, 286, 214)","ir,wv",0.0,0.0,1.0,PASS,
phailin_2013,2013-10-07T18:00:00Z,phailin_2013_20131007T180000Z.nc,D:\PROJECTS\SIH26\data\normalized\phailin_2013\frames\phailin_2013_20131007T180000Z.npz,"(2, 286, 214)","ir,wv",0.0,0.0,1.0,PASS,
phailin_2013,2013-10-07T21:00:00Z,phailin_2013_20131007T210000Z.nc,D:\PROJECTS\SIH26\data\normalized\phailin_2013\frames\phailin_2013_20131007T210000Z.npz,"(2, 286, 214)","ir,wv",0.0,0.0,1.0,PASS,
phailin_2013,2013-10-08T00:00:00Z,phailin_2013_20131008T000000Z.nc,D:\PROJECTS\SIH26\data\normalized\phailin_2013\frames\phailin_2013_20131008T000000Z.npz,"(2, 286, 214)","ir,wv",0.0,0.0,1.0,PASS,
phailin_2013,2013-10-08T03:00:00Z,phailin_2013_20131008T030000Z.nc,D:\PROJECTS\SIH26\data\normalized\phailin_2013\frames\phailin_2013_20131008T030000Z.npz,"(2, 286, 214)","ir,wv",0.0,0.0,1.0,PASS,
phailin_2013,2013-10-08T06:00:00Z,phailin_2013_20131008T060000Z.nc,D:\PROJECTS\SIH26\data\normalized\phailin_2013\frames\phailin_2013_20131008T060000Z.npz,"(2, 286, 214)","ir,wv",0.0,0.0,1.0,PASS,
phailin_2013,2013-10-08T09:00:00Z,phailin_2013_20131008T090000Z.nc,D:\PROJECTS\SIH26\data\normalized\phailin_2013\frames\phailin_2013_20131008T090000Z.npz,"(2, 286, 214)","ir,wv",0.0,0.0,1.0,PASS,
phailin_2013,2013-10-08T12:00:00Z,phailin_2013_20131008T120000Z.nc,D:\PROJECTS\SIH26\data\normalized\phailin_2013\frames\phailin_2013_20131008T120000Z.npz,"(2, 286, 214)","ir,wv",0.0,0.0,1.0,PASS,
phailin_2013,2013-10-08T15:00:00Z,phailin_2013_20131008T150000Z.nc,D:\PROJECTS\SIH26\data\normalized\phailin_2013\frames\phailin_2013_20131008T150000Z.npz,"(2, 286, 214)","ir,wv",0.0,0.0,1.0,PASS,
phailin_2013,2013-10-08T18:00:00Z,phailin_2013_20131008T180000Z.nc,D:\PROJECTS\SIH26\data\normalized\phailin_2013\frames\phailin_2013_20131008T180000Z.npz,"(2, 286, 214)","ir,wv",0.0,0.0,1.0,PASS,
phailin_2013,2013-10-08T21:00:00Z,phailin_2013_20131008T210000Z.nc,D:\PROJECTS\SIH26\data\normalized\phailin_2013\frames\phailin_2013_20131008T210000Z.npz,"(2, 286, 214)","ir,wv",0.0,0.0,1.0,PASS,
phailin_2013,2013-10-09T00:00:00Z,phailin_2013_20131009T000000Z.nc,D:\PROJECTS\SIH26\data\normalized\phailin_2013\frames\phailin_2013_20131009T000000Z.npz,"(2, 286, 214)","ir,wv",0.0,0.0,1.0,PASS,
phailin_2013,2013-10-09T03:00:00Z,phailin_2013_20131009T030000Z.nc,D:\PROJECTS\SIH26\data\normalized\phailin_2013\frames\phailin_2013_20131009T030000Z.npz,"(2, 286, 214)","ir,wv",0.0,0.0,1.0,PASS,
phailin_2013,2013-10-09T06:00:00Z,phailin_2013_20131009T060000Z.nc,D:\PROJECTS\SIH26\data\normalized\phailin_2013\frames\phailin_2013_20131009T060000Z.npz,"(2, 286, 214)","ir,wv",0.0,0.0,1.0,PASS,
phailin_2013,2013-10-09T09:00:00Z,phailin_2013_20131009T090000Z.nc,D:\PROJECTS\SIH26\data\normalized\phailin_2013\frames\phailin_2013_20131009T090000Z.npz,"(2, 286, 214)","ir,wv",0.0,0.0,1.0,PASS,
phailin_2013,2013-10-09T12:00:00Z,phailin_2013_20131009T120000Z.nc,D:\PROJECTS\SIH26\data\normalized\phailin_2013\frames\phailin_2013_20131009T120000Z.npz,"(2, 286, 214)","ir,wv",0.0,0.0,1.0,PASS,
phailin_2013,2013-10-09T15:00:00Z,phailin_2013_20131009T150000Z.nc,D:\PROJECTS\SIH26\data\normalized\phailin_2013\frames\phailin_2013_20131009T150000Z.npz,"(2, 286, 214)","ir,wv",0.0,0.0,1.0,PASS,
phailin_2013,2013-10-09T18:00:00Z,phailin_2013_20131009T180000Z.nc,D:\PROJECTS\SIH26\data\normalized\phailin_2013\frames\phailin_2013_20131009T180000Z.npz,"(2, 286, 214)","ir,wv",0.0,0.0,1.0,PASS,
phailin_2013,2013-10-09T21:00:00Z,phailin_2013_20131009T210000Z.nc,D:\PROJECTS\SIH26\data\normalized\phailin_2013\frames\phailin_2013_20131009T210000Z.npz,"(2, 286, 214)","ir,wv",0.0,0.0,1.0,PASS,
phailin_2013,2013-10-10T00:00:00Z,phailin_2013_20131010T000000Z.nc,D:\PROJECTS\SIH26\data\normalized\phailin_2013\frames\phailin_2013_20131010T000000Z.npz,"(2, 286, 214)","ir,wv",0.0,0.0,1.0,PASS,
phailin_2013,2013-10-10T03:00:00Z,phailin_2013_20131010T030000Z.nc,D:\PROJECTS\SIH26\data\normalized\phailin_2013\frames\phailin_2013_20131010T030000Z.npz,"(2, 286, 214)","ir,wv",0.0,0.0,1.0,PASS,
phailin_2013,2013-10-10T06:00:00Z,phailin_2013_20131010T060000Z.nc,D:\PROJECTS\SIH26\data\normalized\phailin_2013\frames\phailin_2013_20131010T060000Z.npz,"(2, 286, 214)","ir,wv",0.0,0.0,1.0,PASS,
phailin_2013,2013-10-10T09:00:00Z,phailin_2013_20131010T090000Z.nc,D:\PROJECTS\SIH26\data\normalized\phailin_2013\frames\phailin_2013_20131010T090000Z.npz,"(2, 286, 214)","ir,wv",0.0,0.0,1.0,PASS,
phailin_2013,2013-10-10T12:00:00Z,phailin_2013_20131010T120000Z.nc,D:\PROJECTS\SIH26\data\normalized\phailin_2013\frames\phailin_2013_20131010T120000Z.npz,"(2, 286, 214)","ir,wv",0.0,0.0,1.0,PASS,
phailin_2013,2013-10-10T15:00:00Z,phailin_2013_20131010T150000Z.nc,D:\PROJECTS\SIH26\data\normalized\phailin_2013\frames\phailin_2013_20131010T150000Z.npz,"(2, 286, 214)","ir,wv",0.0,0.0,1.0,PASS,
phailin_2013,2013-10-10T18:00:00Z,phailin_2013_20131010T180000Z.nc,D:\PROJECTS\SIH26\data\normalized\phailin_2013\frames\phailin_2013_20131010T180000Z.npz,"(2, 286, 214)","ir,wv",0.0,0.0,1.0,PASS,
phailin_2013,2013-10-10T21:00:00Z,phailin_2013_20131010T210000Z.nc,D:\PROJECTS\SIH26\data\normalized\phailin_2013\frames\phailin_2013_20131010T210000Z.npz,"(2, 286, 214)","ir,wv",0.0,0.0,1.0,PASS,
phailin_2013,2013-10-11T00:00:00Z,phailin_2013_20131011T000000Z.nc,D:\PROJECTS\SIH26\data\normalized\phailin_2013\frames\phailin_2013_20131011T000000Z.npz,"(2, 286, 214)","ir,wv",0.0,0.0,1.0,PASS,
phailin_2013,2013-10-11T03:00:00Z,phailin_2013_20131011T030000Z.nc,D:\PROJECTS\SIH26\data\normalized\phailin_2013\frames\phailin_2013_20131011T030000Z.npz,"(2, 286, 214)","ir,wv",0.0,0.0,1.0,PASS,
phailin_2013,2013-10-11T06:00:00Z,phailin_2013_20131011T060000Z.nc,D:\PROJECTS\SIH26\data\normalized\phailin_2013\frames\phailin_2013_20131011T060000Z.npz,"(2, 286, 214)","ir,wv",0.0,0.0,1.0,PASS,
phailin_2013,2013-10-11T09:00:00Z,phailin_2013_20131011T090000Z.nc,D:\PROJECTS\SIH26\data\normalized\phailin_2013\frames\phailin_2013_20131011T090000Z.npz,"(2, 286, 214)","ir,wv",0.0,0.0,1.0,PASS,
phailin_2013,2013-10-11T12:00:00Z,phailin_2013_20131011T120000Z.nc,D:\PROJECTS\SIH26\data\normalized\phailin_2013\frames\phailin_2013_20131011T120000Z.npz,"(2, 286, 214)","ir,wv",0.0,0.0,1.0,PASS,
phailin_2013,2013-10-11T15:00:00Z,phailin_2013_20131011T150000Z.nc,D:\PROJECTS\SIH26\data\normalized\phailin_2013\frames\phailin_2013_20131011T150000Z.npz,"(2, 286, 214)","ir,wv",0.0,0.0,1.0,PASS,
phailin_2013,2013-10-11T18:00:00Z,phailin_2013_20131011T180000Z.nc,D:\PROJECTS\SIH26\data\normalized\phailin_2013\frames\phailin_2013_20131011T180000Z.npz,"(2, 286, 214)","ir,wv",0.0,0.0,1.0,PASS,
phailin_2013,2013-10-11T21:00:00Z,phailin_2013_20131011T210000Z.nc,D:\PROJECTS\SIH26\data\normalized\phailin_2013\frames\phailin_2013_20131011T210000Z.npz,"(2, 286, 214)","ir,wv",0.0,0.0,1.0,PASS,
phailin_2013,2013-10-12T00:00:00Z,phailin_2013_20131012T000000Z.nc,D:\PROJECTS\SIH26\data\normalized\phailin_2013\frames\phailin_2013_20131012T000000Z.npz,"(2, 286, 214)","ir,wv",0.0,0.0,1.0,PASS,
phailin_2013,2013-10-12T03:00:00Z,phailin_2013_20131012T030000Z.nc,D:\PROJECTS\SIH26\data\normalized\phailin_2013\frames\phailin_2013_20131012T030000Z.npz,"(2, 286, 214)","ir,wv",0.0,0.0,1.0,PASS,
phailin_2013,2013-10-12T06:00:00Z,phailin_2013_20131012T060000Z.nc,D:\PROJECTS\SIH26\data\normalized\phailin_2013\frames\phailin_2013_20131012T060000Z.npz,"(2, 286, 214)","ir,wv",0.0,0.0,1.0,PASS,
phailin_2013,2013-10-12T09:00:00Z,phailin_2013_20131012T090000Z.nc,D:\PROJECTS\SIH26\data\normalized\phailin_2013\frames\phailin_2013_20131012T090000Z.npz,"(2, 286, 214)","ir,wv",0.0,0.0,1.0,PASS,
phailin_2013,2013-10-12T12:00:00Z,phailin_2013_20131012T120000Z.nc,D:\PROJECTS\SIH26\data\normalized\phailin_2013\frames\phailin_2013_20131012T120000Z.npz,"(2, 286, 214)","ir,wv",0.0,0.0,1.0,PASS,
phailin_2013,2013-10-12T15:00:00Z,phailin_2013_20131012T150000Z.nc,D:\PROJECTS\SIH26\data\normalized\phailin_2013\frames\phailin_2013_20131012T150000Z.npz,"(2, 286, 214)","ir,wv",0.0,0.0,1.0,PASS,
phailin_2013,2013-10-12T18:00:00Z,phailin_2013_20131012T180000Z.nc,D:\PROJECTS\SIH26\data\normalized\phailin_2013\frames\phailin_2013_20131012T180000Z.npz,"(2, 286, 214)","ir,wv",0.0,0.0,1.0,PASS,
phailin_2013,2013-10-12T21:00:00Z,phailin_2013_20131012T210000Z.nc,D:\PROJECTS\SIH26\data\normalized\phailin_2013\frames\phailin_2013_20131012T210000Z.npz,"(2, 286, 214)","ir,wv",0.0,0.0,1.0,PASS,
phailin_2013,2013-10-13T00:00:00Z,phailin_2013_20131013T000000Z.nc,D:\PROJECTS\SIH26\data\normalized\phailin_2013\frames\phailin_2013_20131013T000000Z.npz,"(2, 286, 214)","ir,wv",0.0,0.0,1.0,PASS,
phailin_2013,2013-10-13T03:00:00Z,phailin_2013_20131013T030000Z.nc,D:\PROJECTS\SIH26\data\normalized\phailin_2013\frames\phailin_2013_20131013T030000Z.npz,"(2, 286, 214)","ir,wv",0.0,0.0,1.0,PASS,
phailin_2013,2013-10-13T06:00:00Z,phailin_2013_20131013T060000Z.nc,D:\PROJECTS\SIH26\data\normalized\phailin_2013\frames\phailin_2013_20131013T060000Z.npz,"(2, 286, 214)","ir,wv",0.0,0.0,1.0,PASS,
phailin_2013,2013-10-13T09:00:00Z,phailin_2013_20131013T090000Z.nc,D:\PROJECTS\SIH26\data\normalized\phailin_2013\frames\phailin_2013_20131013T090000Z.npz,"(2, 286, 214)","ir,wv",0.0,0.0,1.0,PASS,
phailin_2013,2013-10-13T12:00:00Z,phailin_2013_20131013T120000Z.nc,D:\PROJECTS\SIH26\data\normalized\phailin_2013\frames\phailin_2013_20131013T120000Z.npz,"(2, 286, 214)","ir,wv",0.0,0.0,1.0,PASS,
phailin_2013,2013-10-13T15:00:00Z,phailin_2013_20131013T150000Z.nc,D:\PROJECTS\SIH26\data\normalized\phailin_2013\frames\phailin_2013_20131013T150000Z.npz,"(2, 286, 214)","ir,wv",0.0,0.0,1.0,PASS,
phailin_2013,2013-10-13T18:00:00Z,phailin_2013_20131013T180000Z.nc,D:\PROJECTS\SIH26\data\normalized\phailin_2013\frames\phailin_2013_20131013T180000Z.npz,"(2, 286, 214)","ir,wv",0.0,0.0,1.0,PASS,
phailin_2013,2013-10-13T21:00:00Z,phailin_2013_20131013T210000Z.nc,D:\PROJECTS\SIH26\data\normalized\phailin_2013\frames\phailin_2013_20131013T210000Z.npz,"(2, 286, 214)","ir,wv",0.0,0.0,1.0,PASS,
phailin_2013,2013-10-14T00:00:00Z,phailin_2013_20131014T000000Z.nc,D:\PROJECTS\SIH26\data\normalized\phailin_2013\frames\phailin_2013_20131014T000000Z.npz,"(2, 286, 214)","ir,wv",0.0,0.0,1.0,PASS,
tauktae_2021,2021-05-13T00:00:00Z,tauktae_2021_20210513T000000Z.nc,D:\PROJECTS\SIH26\data\normalized\tauktae_2021\frames\tauktae_2021_20210513T000000Z.npz,"(2, 286, 357)","ir,wv",0.0,0.0,1.0,PASS,
tauktae_2021,2021-05-13T03:00:00Z,tauktae_2021_20210513T030000Z.nc,D:\PROJECTS\SIH26\data\normalized\tauktae_2021\frames\tauktae_2021_20210513T030000Z.npz,"(2, 286, 357)","ir,wv",0.0,0.0,1.0,PASS,
tauktae_2021,2021-05-13T06:00:00Z,tauktae_2021_20210513T060000Z.nc,D:\PROJECTS\SIH26\data\normalized\tauktae_2021\frames\tauktae_2021_20210513T060000Z.npz,"(2, 286, 357)","ir,wv",0.0,0.0,1.0,PASS,
tauktae_2021,2021-05-13T09:00:00Z,tauktae_2021_20210513T090000Z.nc,D:\PROJECTS\SIH26\data\normalized\tauktae_2021\frames\tauktae_2021_20210513T090000Z.npz,"(2, 286, 357)","ir,wv",0.0,0.0,1.0,PASS,
tauktae_2021,2021-05-13T12:00:00Z,tauktae_2021_20210513T120000Z.nc,D:\PROJECTS\SIH26\data\normalized\tauktae_2021\frames\tauktae_2021_20210513T120000Z.npz,"(2, 286, 357)","ir,wv",0.0,0.0,1.0,PASS,
tauktae_2021,2021-05-13T15:00:00Z,tauktae_2021_20210513T150000Z.nc,D:\PROJECTS\SIH26\data\normalized\tauktae_2021\frames\tauktae_2021_20210513T150000Z.npz,"(2, 286, 357)","ir,wv",0.0,0.0,1.0,PASS,
tauktae_2021,2021-05-13T18:00:00Z,tauktae_2021_20210513T180000Z.nc,D:\PROJECTS\SIH26\data\normalized\tauktae_2021\frames\tauktae_2021_20210513T180000Z.npz,"(2, 286, 357)","ir,wv",0.0,0.0,1.0,PASS,
tauktae_2021,2021-05-13T21:00:00Z,tauktae_2021_20210513T210000Z.nc,D:\PROJECTS\SIH26\data\normalized\tauktae_2021\frames\tauktae_2021_20210513T210000Z.npz,"(2, 286, 357)","ir,wv",0.0,0.0,1.0,PASS,
tauktae_2021,2021-05-14T00:00:00Z,tauktae_2021_20210514T000000Z.nc,D:\PROJECTS\SIH26\data\normalized\tauktae_2021\frames\tauktae_2021_20210514T000000Z.npz,"(2, 286, 357)","ir,wv",0.0,0.0,1.0,PASS,
tauktae_2021,2021-05-14T03:00:00Z,tauktae_2021_20210514T030000Z.nc,D:\PROJECTS\SIH26\data\normalized\tauktae_2021\frames\tauktae_2021_20210514T030000Z.npz,"(2, 286, 357)","ir,wv",0.0,0.0,1.0,PASS,
tauktae_2021,2021-05-14T06:00:00Z,tauktae_2021_20210514T060000Z.nc,D:\PROJECTS\SIH26\data\normalized\tauktae_2021\frames\tauktae_2021_20210514T060000Z.npz,"(2, 286, 357)","ir,wv",0.0,0.0,1.0,PASS,
tauktae_2021,2021-05-14T09:00:00Z,tauktae_2021_20210514T090000Z.nc,D:\PROJECTS\SIH26\data\normalized\tauktae_2021\frames\tauktae_2021_20210514T090000Z.npz,"(2, 286, 357)","ir,wv",0.0,0.0,1.0,PASS,
tauktae_2021,2021-05-14T12:00:00Z,tauktae_2021_20210514T120000Z.nc,D:\PROJECTS\SIH26\data\normalized\tauktae_2021\frames\tauktae_2021_20210514T120000Z.npz,"(2, 286, 357)","ir,wv",0.0,0.0,1.0,PASS,
tauktae_2021,2021-05-14T15:00:00Z,tauktae_2021_20210514T150000Z.nc,D:\PROJECTS\SIH26\data\normalized\tauktae_2021\frames\tauktae_2021_20210514T150000Z.npz,"(2, 286, 357)","ir,wv",0.0,0.0,1.0,PASS,
tauktae_2021,2021-05-14T18:00:00Z,tauktae_2021_20210514T180000Z.nc,D:\PROJECTS\SIH26\data\normalized\tauktae_2021\frames\tauktae_2021_20210514T180000Z.npz,"(2, 286, 357)","ir,wv",0.0,0.0,1.0,PASS,
tauktae_2021,2021-05-14T21:00:00Z,tauktae_2021_20210514T210000Z.nc,D:\PROJECTS\SIH26\data\normalized\tauktae_2021\frames\tauktae_2021_20210514T210000Z.npz,"(2, 286, 357)","ir,wv",0.0,0.0,1.0,PASS,
tauktae_2021,2021-05-15T00:00:00Z,tauktae_2021_20210515T000000Z.nc,D:\PROJECTS\SIH26\data\normalized\tauktae_2021\frames\tauktae_2021_20210515T000000Z.npz,"(2, 286, 357)","ir,wv",0.0,0.0,1.0,PASS,
tauktae_2021,2021-05-15T03:00:00Z,tauktae_2021_20210515T030000Z.nc,D:\PROJECTS\SIH26\data\normalized\tauktae_2021\frames\tauktae_2021_20210515T030000Z.npz,"(2, 286, 357)","ir,wv",0.0,0.0,1.0,PASS,
tauktae_2021,2021-05-15T06:00:00Z,tauktae_2021_20210515T060000Z.nc,D:\PROJECTS\SIH26\data\normalized\tauktae_2021\frames\tauktae_2021_20210515T060000Z.npz,"(2, 286, 357)","ir,wv",0.0,0.0,1.0,PASS,
tauktae_2021,2021-05-15T09:00:00Z,tauktae_2021_20210515T090000Z.nc,D:\PROJECTS\SIH26\data\normalized\tauktae_2021\frames\tauktae_2021_20210515T090000Z.npz,"(2, 286, 357)","ir,wv",0.0,0.0,1.0,PASS,
tauktae_2021,2021-05-15T12:00:00Z,tauktae_2021_20210515T120000Z.nc,D:\PROJECTS\SIH26\data\normalized\tauktae_2021\frames\tauktae_2021_20210515T120000Z.npz,"(2, 286, 357)","ir,wv",0.0,0.0,1.0,PASS,
tauktae_2021,2021-05-15T15:00:00Z,tauktae_2021_20210515T150000Z.nc,D:\PROJECTS\SIH26\data\normalized\tauktae_2021\frames\tauktae_2021_20210515T150000Z.npz,"(2, 286, 357)","ir,wv",0.0,0.0,1.0,PASS,
tauktae_2021,2021-05-15T18:00:00Z,tauktae_2021_20210515T180000Z.nc,D:\PROJECTS\SIH26\data\normalized\tauktae_2021\frames\tauktae_2021_20210515T180000Z.npz,"(2, 286, 357)","ir,wv",0.0,0.0,1.0,PASS,
tauktae_2021,2021-05-15T21:00:00Z,tauktae_2021_20210515T210000Z.nc,D:\PROJECTS\SIH26\data\normalized\tauktae_2021\frames\tauktae_2021_20210515T210000Z.npz,"(2, 286, 357)","ir,wv",0.0,0.0,1.0,PASS,
tauktae_2021,2021-05-16T00:00:00Z,tauktae_2021_20210516T000000Z.nc,D:\PROJECTS\SIH26\data\normalized\tauktae_2021\frames\tauktae_2021_20210516T000000Z.npz,"(2, 286, 357)","ir,wv",0.0,0.0,1.0,PASS,
tauktae_2021,2021-05-16T03:00:00Z,tauktae_2021_20210516T030000Z.nc,D:\PROJECTS\SIH26\data\normalized\tauktae_2021\frames\tauktae_2021_20210516T030000Z.npz,"(2, 286, 357)","ir,wv",0.0,0.0,1.0,PASS,
tauktae_2021,2021-05-16T06:00:00Z,tauktae_2021_20210516T060000Z.nc,D:\PROJECTS\SIH26\data\normalized\tauktae_2021\frames\tauktae_2021_20210516T060000Z.npz,"(2, 286, 357)","ir,wv",0.0,0.0,1.0,PASS,
tauktae_2021,2021-05-16T09:00:00Z,tauktae_2021_20210516T090000Z.nc,D:\PROJECTS\SIH26\data\normalized\tauktae_2021\frames\tauktae_2021_20210516T090000Z.npz,"(2, 286, 357)","ir,wv",0.0,0.0,1.0,PASS,
tauktae_2021,2021-05-16T12:00:00Z,tauktae_2021_20210516T120000Z.nc,D:\PROJECTS\SIH26\data\normalized\tauktae_2021\frames\tauktae_2021_20210516T120000Z.npz,"(2, 286, 357)","ir,wv",0.0,0.0,1.0,PASS,
tauktae_2021,2021-05-16T15:00:00Z,tauktae_2021_20210516T150000Z.nc,D:\PROJECTS\SIH26\data\normalized\tauktae_2021\frames\tauktae_2021_20210516T150000Z.npz,"(2, 286, 357)","ir,wv",0.0,0.0,1.0,PASS,
tauktae_2021,2021-05-16T18:00:00Z,tauktae_2021_20210516T180000Z.nc,D:\PROJECTS\SIH26\data\normalized\tauktae_2021\frames\tauktae_2021_20210516T180000Z.npz,"(2, 286, 357)","ir,wv",0.0,0.0,1.0,PASS,
tauktae_2021,2021-05-16T21:00:00Z,tauktae_2021_20210516T210000Z.nc,D:\PROJECTS\SIH26\data\normalized\tauktae_2021\frames\tauktae_2021_20210516T210000Z.npz,"(2, 286, 357)","ir,wv",0.0,0.0,1.0,PASS,
tauktae_2021,2021-05-17T00:00:00Z,tauktae_2021_20210517T000000Z.nc,D:\PROJECTS\SIH26\data\normalized\tauktae_2021\frames\tauktae_2021_20210517T000000Z.npz,"(2, 286, 357)","ir,wv",0.0,0.0,1.0,PASS,
tauktae_2021,2021-05-17T03:00:00Z,tauktae_2021_20210517T030000Z.nc,D:\PROJECTS\SIH26\data\normalized\tauktae_2021\frames\tauktae_2021_20210517T030000Z.npz,"(2, 286, 357)","ir,wv",0.0,0.0,1.0,PASS,
tauktae_2021,2021-05-17T06:00:00Z,tauktae_2021_20210517T060000Z.nc,D:\PROJECTS\SIH26\data\normalized\tauktae_2021\frames\tauktae_2021_20210517T060000Z.npz,"(2, 286, 357)","ir,wv",0.0,0.0,1.0,PASS,
tauktae_2021,2021-05-17T09:00:00Z,tauktae_2021_20210517T090000Z.nc,D:\PROJECTS\SIH26\data\normalized\tauktae_2021\frames\tauktae_2021_20210517T090000Z.npz,"(2, 286, 357)","ir,wv",0.0,0.0,1.0,PASS,
tauktae_2021,2021-05-17T12:00:00Z,tauktae_2021_20210517T120000Z.nc,D:\PROJECTS\SIH26\data\normalized\tauktae_2021\frames\tauktae_2021_20210517T120000Z.npz,"(2, 286, 357)","ir,wv",0.0,0.0,1.0,PASS,
tauktae_2021,2021-05-17T15:00:00Z,tauktae_2021_20210517T150000Z.nc,D:\PROJECTS\SIH26\data\normalized\tauktae_2021\frames\tauktae_2021_20210517T150000Z.npz,"(2, 286, 357)","ir,wv",0.0,0.0,1.0,PASS,
tauktae_2021,2021-05-17T18:00:00Z,tauktae_2021_20210517T180000Z.nc,D:\PROJECTS\SIH26\data\normalized\tauktae_2021\frames\tauktae_2021_20210517T180000Z.npz,"(2, 286, 357)","ir,wv",0.0,0.0,1.0,PASS,
tauktae_2021,2021-05-17T21:00:00Z,tauktae_2021_20210517T210000Z.nc,D:\PROJECTS\SIH26\data\normalized\tauktae_2021\frames\tauktae_2021_20210517T210000Z.npz,"(2, 286, 357)","ir,wv",0.0,0.0,1.0,PASS,
tauktae_2021,2021-05-18T00:00:00Z,tauktae_2021_20210518T000000Z.nc,D:\PROJECTS\SIH26\data\normalized\tauktae_2021\frames\tauktae_2021_20210518T000000Z.npz,"(2, 286, 357)","ir,wv",0.0,0.0,1.0,PASS,
tauktae_2021,2021-05-18T03:00:00Z,tauktae_2021_20210518T030000Z.nc,D:\PROJECTS\SIH26\data\normalized\tauktae_2021\frames\tauktae_2021_20210518T030000Z.npz,"(2, 286, 357)","ir,wv",0.0,0.0,1.0,PASS,
tauktae_2021,2021-05-18T06:00:00Z,tauktae_2021_20210518T060000Z.nc,D:\PROJECTS\SIH26\data\normalized\tauktae_2021\frames\tauktae_2021_20210518T060000Z.npz,"(2, 286, 357)","ir,wv",0.0,0.0,1.0,PASS,
tauktae_2021,2021-05-18T09:00:00Z,tauktae_2021_20210518T090000Z.nc,D:\PROJECTS\SIH26\data\normalized\tauktae_2021\frames\tauktae_2021_20210518T090000Z.npz,"(2, 286, 357)","ir,wv",0.0,0.0,1.0,PASS,
tauktae_2021,2021-05-18T12:00:00Z,tauktae_2021_20210518T120000Z.nc,D:\PROJECTS\SIH26\data\normalized\tauktae_2021\frames\tauktae_2021_20210518T120000Z.npz,"(2, 286, 357)","ir,wv",0.0,0.0,1.0,PASS,
tauktae_2021,2021-05-18T15:00:00Z,tauktae_2021_20210518T150000Z.nc,D:\PROJECTS\SIH26\data\normalized\tauktae_2021\frames\tauktae_2021_20210518T150000Z.npz,"(2, 286, 357)","ir,wv",0.0,0.0,1.0,PASS,
tauktae_2021,2021-05-18T18:00:00Z,tauktae_2021_20210518T180000Z.nc,D:\PROJECTS\SIH26\data\normalized\tauktae_2021\frames\tauktae_2021_20210518T180000Z.npz,"(2, 286, 357)","ir,wv",0.0,0.0,1.0,PASS,
tauktae_2021,2021-05-18T21:00:00Z,tauktae_2021_20210518T210000Z.nc,D:\PROJECTS\SIH26\data\normalized\tauktae_2021\frames\tauktae_2021_20210518T210000Z.npz,"(2, 286, 357)","ir,wv",0.0,0.0,1.0,PASS,
tauktae_2021,2021-05-19T00:00:00Z,tauktae_2021_20210519T000000Z.nc,D:\PROJECTS\SIH26\data\normalized\tauktae_2021\frames\tauktae_2021_20210519T000000Z.npz,"(2, 286, 357)","ir,wv",0.0,0.0,1.0,PASS,
